state,year,distid_stateassigned,schoolid_stateassigned,distname,schoolname,ncesdistid_admin,ncesdistid_geo,census_id,ncesid,ncesenroll,gradespan,level,enroll_raw_DE,enrollmetric,pp_stloc_raw_DE,pp_fed_raw_DE,pp_total_raw_DE,schoolstloc_raw_DE,schoolfed_raw_DE,schooltot_raw_DE,pp_total_norm_NERDS,pp_nonpersonnel_summed_DE,pp_nonper_stloc_summed_DE,pp_nonper_fed_raw_DE,pp_per_fed_raw_DE,pp_per_stloc_raw_DE,countenroll,noaudit,nositecen,adfinvars,distflex,flag_nerds,flag_f33
DE,2018-2019,9605,4045,Academia Antonia Alonso,Academia Antonia Alonso,1000053,1000053,,100005300359,603.0,KG-05,2.0,603,September Count Day,12358.36,926.569999999999,13284.93,7452091.08,558721.71,8010812.79,12398.0099502488,5776.61,5107.57,257.53,669.04,7250.79,1,0,1,0,0,0,0
DE,2018-2019,85,584,Academy of Dover Charter School,Academy Of Dover Charter School,1000017,1000017,,100001700144,272.0,KG-05,2.0,272,September Count Day,10741.29,929.01,11670.3,2921630.88,252690.72,3174321.59999999,11827.205882353,5474.39,4600.86,55.48,873.53,6140.43,1,0,1,0,0,0,0
DE,2018-2019,29,24,Appoquinimink School District,Appoquinimink High School,1000080,1000080,8500250700000.0,100008000225,1672.0,09-12,4.0,1672,September Count Day,12624.63,307.52,12932.15,21108381.36,514173.439999999,21622554.8,12980.9880931342,2540.16,2378.91,146.27,161.25,10245.72,1,0,1,0,0,0,0
DE,2018-2019,29,13,Appoquinimink School District,Appoquinimink PreSchool Center,1000080,1000080,8500250700000.0,100008000103,155.0,PK-PK,1.0,155,September Count Day,29918.96,603.49,30522.45,4637438.8,93540.95,4730979.75,30571.2880931342,4663.77,4559.96,499.68,103.81,25359,1,0,1,0,0,0,0
DE,2018-2019,29,21,Appoquinimink School District,Brick Mill Elementary School,1000080,1000080,8500250700000.0,100008000142,469.0,01-05,2.0,469,September Count Day,14600.25,480.9,15081.15,6847517.25,225542.099999999,7073059.35,15129.9880931342,2173.19,1946.90999999999,254.62,226.28,12653.34,1,0,1,0,0,0,0
DE,2018-2019,29,28,Appoquinimink School District,Bunker Hill Elementary School,1000080,1000080,8500250700000.0,100008000339,542.0,01-05,2.0,542,September Count Day,14203.25,412.51,14615.76,7698161.5,223580.419999999,7921741.92,14664.5980931342,2148.74,1920.44999999999,184.22,228.29,12282.8,1,0,1,0,0,0,0
DE,2018-2019,29,33,Appoquinimink School District,Cantwell Bridge Middle School,1000080,1000080,8500250700000.0,100008000391,,,0.0,NRD,September Count Day,NRD,NRD,NRD,NRD,NRD,NRD,,NRD,NRD,NRD,NRD,NRD,1,0,1,0,0,1,0
DE,2018-2019,29,22,Appoquinimink School District,Cedar Lane Early Childhood Center,1000080,1000080,8500250700000.0,100008000178,281.0,KG-KG,1.0,281,September Count Day,12587.28,176.12,12763.4,3537025.68,49489.72,3586515.4,12812.2380931342,1764.1,1729.44,141.46,34.66,10857.84,1,0,1,0,0,0,0
DE,2018-2019,29,11,Appoquinimink School District,Cedar Lane Elementary School,1000080,1000080,8500250700000.0,100008000332,856.0,01-05,2.0,856,September Count Day,12093.01,257.25,12350.26,10351616.56,220206,10571822.56,12399.0980931342,2358.16999999999,2247.93,147.01,110.24,9845.08,1,0,1,0,0,0,0
DE,2018-2019,29,35,Appoquinimink School District,Lorewood Grove Elementary School,1000080,1000080,8500250700000.0,100008000380,,01-05,2.0,NRD,September Count Day,NRD,NRD,NRD,NRD,NRD,NRD,,NRD,NRD,NRD,NRD,NRD,1,0,1,0,0,1,0
DE,2018-2019,29,20,Appoquinimink School District,Loss (Olive B.) Elementary School,1000080,1000080,8500250700000.0,100008000121,629.0,01-05,2.0,629,September Count Day,12525.19,229.579999999999,12754.77,7878344.51,144405.819999999,8022750.33,12803.6080931342,2050.99,2021.23,199.82,29.76,10503.96,1,0,1,0,0,0,0
DE,2018-2019,29,17,Appoquinimink School District,Meredith (Everett) Middle School,1000080,1000080,8500250700000.0,100008000014,895.0,06-08,3.0,895,September Count Day,12115.5099999999,177.6,12293.11,10843381.45,158952,11002333.45,12341.9480931342,2016.55,1980.62,141.67,35.93,10134.89,1,0,1,0,0,0,0
DE,2018-2019,29,18,Appoquinimink School District,Middletown High School,1000080,1000080,8500250700000.0,100008000024,1702.0,09-12,4.0,1702,September Count Day,12473.82,263.45,12737.27,21230441.64,448391.899999999,21678833.54,12786.1080931342,2271.31,2190.48,182.62,80.83,10283.34,1,0,1,0,0,0,0
DE,2018-2019,29,34,Appoquinimink School District,Odessa High School,1000080,1000080,8500250700000.0,100008000390,,,0.0,NRD,September Count Day,NRD,NRD,NRD,NRD,NRD,NRD,,NRD,NRD,NRD,NRD,NRD,1,0,1,0,0,1,0
DE,2018-2019,29,32,Appoquinimink School District,Old State Elementary School,1000080,1000080,8500250700000.0,100008000347,687.0,01-05,2.0,687,September Count Day,14394.88,233.3,14628.18,9889282.55999999,160277.1,10049559.66,14677.0180931342,2192.79,2140.57,181.08,52.22,12254.31,1,0,1,0,0,0,0
DE,2018-2019,29,16,Appoquinimink School District,Redding (Louis L.) Middle School,1000080,1000080,8500250700000.0,100008000026,894.0,06-08,3.0,894,September Count Day,11591.82,202.15,11793.97,10363087.08,180722.1,10543809.18,11842.8080931342,1974.09,1927.15999999999,155.22,46.93,9664.66,1,0,1,0,0,0,0
DE,2018-2019,29,10,Appoquinimink School District,Silver Lake Elementary School,1000080,1000080,8500250700000.0,100008000027,559.0,01-05,2.0,559,September Count Day,12665.39,514.04,13179.43,7079953.01,287348.36,7367301.37,13228.2680931342,2225.21,1934.42,223.25,290.79,10730.97,1,0,1,0,0,0,0
DE,2018-2019,29,29,Appoquinimink School District,Spring Meadow Early Childhood Center,1000080,1000080,8500250700000.0,100008000348,221.0,KG-KG,1.0,221,September Count Day,14749.24,379.62,15128.86,3259582.04,83896.02,3343478.06,15177.6980931342,1768.49,1610.59,221.72,157.9,13138.65,1,0,1,0,0,0,0
DE,2018-2019,29,27,Appoquinimink School District,Townsend Early Childhood Center,1000080,1000080,8500250700000.0,100008000314,222.0,KG-KG,1.0,222,September Count Day,14665.66,394.57,15060.23,3255776.52,87594.54,3343371.06,15109.0680931342,2221.06999999999,2021.40999999999,194.91,199.66,12644.25,1,0,1,0,0,0,0
DE,2018-2019,29,14,Appoquinimink School District,Townsend Elementary School,1000080,1000080,8500250700000.0,100008000028,558.0,01-05,2.0,558,September Count Day,11815.2799999999,315.11,12130.39,6592926.23999999,175831.38,6768757.62,12179.2280931342,2035.16999999999,1931.32,211.26,103.85,9883.96,1,0,1,0,0,0,0
DE,2018-2019,29,23,Appoquinimink School District,Waters (Alfred G.) Middle School,1000080,1000080,8500250700000.0,100008000222,975.0,06-08,3.0,975,September Count Day,12303.2899999999,189.46,12492.75,11995707.75,184723.5,12180431.25,12541.5880931342,1835.19999999999,1797.33,151.59,37.87,10505.96,1,0,1,0,0,0,0
DE,2018-2019,31,190,Brandywine School District,Brandywine High School,1001240,1001240,8500260200000.0,100124000242,781.0,09-12,4.0,781,September Count Day,17833.04,655.25,18488.29,13927604.24,511750.25,14439354.49,18752.1939841899,3373.76999999999,3044.35999999999,325.84,329.41,14788.68,1,0,1,0,0,0,0
DE,2018-2019,31,108,Brandywine School District,Brandywine SITE,1001240,1001240,8500260200000.0,100124000385,26.0,12-12,4.0,NRD,September Count Day,NRD,NRD,NRD,NRD,NRD,NRD,,NRD,NRD,NRD,NRD,NRD,1,0,1,0,0,1,0
DE,2018-2019,31,510,Brandywine School District,Bush (Charles W.) Pre-School,1001240,1001240,8500260200000.0,100124000277,192.0,PK-PK,1.0,192,September Count Day,24897.26,2601.29,27498.55,4780273.92,499447.68,5279721.6,27762.4539841899,5961.41,3655.28,295.16,2306.13,21241.98,1,0,1,0,0,0,0
DE,2018-2019,31,112,Brandywine School District,Carrcroft Elementary School,1001240,1001240,8500260200000.0,100124000291,517.0,KG-05,2.0,517,September Count Day,15186.3,1415.22,16601.52,7851317.1,731668.74,8582985.84,16865.4239841899,3808.13999999999,2731.37999999999,338.46,1076.76,12454.92,1,0,1,0,0,0,0
DE,2018-2019,31,151,Brandywine School District,Claymont Elementary School,1001240,1001240,8500260200000.0,100124000062,853.0,KG-05,2.0,853,September Count Day,15756,901.2,16657.2,13439868,768723.6,14208591.6,16921.1039841899,3102.83,2521.11,319.48,581.72,13234.89,1,0,1,0,0,0,0
DE,2018-2019,31,194,Brandywine School District,Concord High School,1001240,1001240,8500260200000.0,100124000247,1116.0,09-12,4.0,1116,September Count Day,16012.47,354.57,16367.04,17869916.52,395700.12,18265616.64,16630.9439841899,2870.06,2674.63,159.14,195.43,13337.84,1,0,1,0,0,0,0
DE,2018-2019,31,170,Brandywine School District,duPont (Pierre S.) Middle School,1001240,1001240,8500260200000.0,100124000243,886.0,06-08,3.0,886,September Count Day,17568.12,1063.97,18632.09,15565354.3199999,942677.42,16508031.74,18895.9939841899,3836.25999999999,3125.97,353.68,710.29,14442.15,1,0,1,0,0,0,0
DE,2018-2019,31,124,Brandywine School District,Forwood Elementary School,1001240,1001240,8500260200000.0,100124000288,349.0,KG-05,2.0,349,September Count Day,17276.78,1158.8,18435.58,6029596.22,404421.2,6434017.42,18699.4839841899,3829.68,2820.98,150.1,1008.7,14455.8,1,0,1,0,0,0,0
DE,2018-2019,31,110,Brandywine School District,Hanby Elementary School,1001240,1001240,8500260200000.0,100124000293,528.0,KG-05,2.0,528,September Count Day,17088.03,471.419999999999,17559.45,9022479.84,248909.759999999,9271389.6,17823.3539841899,2909.84,2589.06,150.64,320.78,14498.97,1,0,1,0,0,0,0
DE,2018-2019,31,156,Brandywine School District,Harlan (David W. ) Elementary School,1001240,1001240,8500260200000.0,100124000285,361.0,KG-05,2.0,361,September Count Day,18742.92,2213.35999999999,20956.28,6766194.11999999,799022.959999999,7565217.07999999,21220.1839841899,5181.78,3176.92,208.5,2004.86,15566,1,0,1,0,0,0,0
DE,2018-2019,31,128,Brandywine School District,Lancashire Elementary School,1001240,1001240,8500260200000.0,100124000283,499.0,KG-05,2.0,499,September Count Day,14427.45,794.72,15222.17,7199297.55,396565.28,7595862.83,15486.0739841899,2819.72999999999,2155.39999999999,130.39,664.33,12272.05,1,0,1,0,0,0,0
DE,2018-2019,31,130,Brandywine School District,Lombardy Elementary School,1001240,1001240,8500260200000.0,100124000282,497.0,KG-05,2.0,497,September Count Day,14980.36,323.96,15304.32,7445238.92,161008.12,7606247.04,15568.2239841899,2412.2,2226.18,137.94,186.02,12754.18,1,0,1,0,0,0,0
DE,2018-2019,31,132,Brandywine School District,Maple Lane Elementary School,1001240,1001240,8500260200000.0,100124000281,428.0,KG-05,2.0,428,September Count Day,14124.99,1088.02,15213.01,6045495.72,465672.56,6511168.28,15476.9139841899,3348.23,2553.22,293.01,795.01,11571.77,1,0,1,0,0,0,0
DE,2018-2019,31,176,Brandywine School District,Mount Pleasant Elementary School,1001240,1001240,8500260200000.0,100124000318,730.0,KG-05,2.0,730,September Count Day,16649.07,926.47,17575.54,12153821.1,676323.1,12830144.2,17839.4439841899,3503.31,2854.21,277.37,649.1,13794.86,1,0,1,0,0,0,0
DE,2018-2019,31,196,Brandywine School District,Mount Pleasant High School,1001240,1001240,8500260200000.0,100124000246,1045.0,09-12,4.0,1045,September Count Day,16781.76,359.47,17141.23,17536939.2,375646.15,17912585.3499999,17405.1339841899,3158.08,2992.49,193.88,165.59,13789.27,1,0,1,0,0,0,0
DE,2018-2019,31,178,Brandywine School District,Springer Middle School,1001240,1001240,8500260200000.0,100124000009,873.0,06-08,3.0,873,September Count Day,15797.37,271.23,16068.6,13791104.01,236783.79,14027887.8,16332.5039841899,2715.2,2598.1,154.13,117.1,13199.27,1,0,1,0,0,0,0
DE,2018-2019,31,180,Brandywine School District,Talley Middle School,1001240,1001240,8500260200000.0,100124000294,789.0,06-08,3.0,789,September Count Day,16868.55,1099.73,17968.28,13309285.95,867686.97,14176972.92,18232.1839841899,3588.52,2717.35,228.56,871.17,14151.2,1,0,1,0,0,0,0
DE,2018-2019,10,610,Caesar Rodney School District,Allen Frear Elementary School,1000180,1000180,8500100100000.0,100018000038,732.0,01-05,2.0,732,September Count Day,9648.50999999999,563.6,10212.11,7062709.31999999,412555.2,7475264.52,10122.9886218508,1507.69,1007.93,63.84,499.76,8640.58,1,0,1,0,0,0,0
DE,2018-2019,10,626,Caesar Rodney School District,Caesar Rodney High School,1000180,1000180,8500100100000.0,100018000040,2006.0,09-12,4.0,2006,September Count Day,11316.7799999999,587,11903.78,22701460.6799999,1177522,23878982.68,11814.6586218508,2192.38,1753.33,147.95,439.05,9563.44999999999,1,0,1,0,0,0,0
DE,2018-2019,10,628,Caesar Rodney School District,Dover Air Force Base Middle School,1000180,1000180,8500100100000.0,100018000041,170.0,06-08,3.0,170,September Count Day,4863.62,21473.18,26336.8,826815.4,3650440.6,4477256,26247.6786218508,15621.41,1683.99,7535.76,13937.42,3179.62999999999,1,0,1,0,0,0,0
DE,2018-2019,10,621,Caesar Rodney School District,F. Niel Postlethwait Middle School,1000180,1000180,8500100100000.0,100018000071,899.0,06-08,3.0,899,September Count Day,10206.6799999999,517.88,10724.56,9175805.31999999,465574.12,9641379.44,10635.4386218508,2250.04,1798.42,66.26,451.62,8408.26,1,0,1,0,0,0,0
DE,2018-2019,10,625,Caesar Rodney School District,Fred Fifer III Middle School,1000180,1000180,8500100100000.0,100018000072,890.0,06-08,3.0,890,September Count Day,10494.41,346.03,10840.44,9340024.9,307966.699999999,9647991.6,10751.3186218508,2119.98,1834.2,60.25,285.78,8660.21,1,0,1,0,0,0,0
DE,2018-2019,10,611,Caesar Rodney School District,J. Ralph McIlvaine Early Childhood Center,1000180,1000180,8500100100000.0,100018000309,508.0,KG-KG,1.0,508,September Count Day,11749.19,1304.02,13053.21,5968588.52,662442.16,6631030.68,12964.0886218508,2927.66,1787.09,163.45,1140.57,9962.1,1,0,1,0,0,0,0
DE,2018-2019,10,630,Caesar Rodney School District,John S. Charlton School,1000180,1000180,8500100100000.0,100018000043,229.0,PK-12,4.0,229,September Count Day,82118.12,724.73,82842.85,18805049.48,165963.17,18971012.65,82753.7286218508,19405.8099999999,18938.67,257.59,467.14,63179.45,1,0,1,0,0,0,0
DE,2018-2019,10,615,Caesar Rodney School District,Kent Elementary Intensive Learning Center,1000180,1000180,8500100100000.0,100018000018,36.0,KG-05,2.0,36,September Count Day,53368.7599999999,1989.27,55358.03,1921275.35999999,71613.72,1992889.08,55268.9086218508,8735.2,7012.95,267.02,1722.25,46355.81,1,0,1,0,0,0,0
DE,2018-2019,10,612,Caesar Rodney School District,Major George S. Welch Elementary School,1000180,1000180,8500100100000.0,100018000044,392.0,KG-05,2.0,392,September Count Day,3617.55999999999,14757.3,18374.86,1418083.51999999,5784861.6,7202945.12,18285.7386218508,9927.79,685.69,5515.2,9242.1,2931.87,1,0,1,0,0,0,0
DE,2018-2019,10,616,Caesar Rodney School District,Nellie Hughes Stokes Elementary School,1000180,1000180,8500100100000.0,100018000045,515.0,01-05,2.0,515,September Count Day,12361.16,1315.61,13676.77,6365997.4,677539.15,7043536.55,13587.6486218508,2929.96,1695.24,80.89,1234.72,10665.92,1,0,1,0,0,0,0
DE,2018-2019,10,618,Caesar Rodney School District,Star Hill Elementary School,1000180,1000180,8500100100000.0,100018000046,448.0,01-05,2.0,448,September Count Day,11367.6199999999,609.1,11976.72,5092693.76,272876.8,5365570.56,11887.5986218508,2184.04,1655.04,80.1,529,9712.58,1,0,1,0,0,0,0
DE,2018-2019,10,620,Caesar Rodney School District,W. B. Simpson Elementary School,1000180,1000180,8500100100000.0,100018000047,620.0,01-05,2.0,620,September Count Day,9526.05,725.56,10251.61,5906151,449847.199999999,6355998.2,10162.4886218508,2107.54,1454.67,72.69,652.87,8071.38,1,0,1,0,0,0,0
DE,2018-2019,10,622,Caesar Rodney School District,W. Reily Brown Elementary School,1000180,1000180,8500100100000.0,100018000048,573.0,01-05,2.0,573,September Count Day,10449.28,1349.53,11798.81,5987437.44,773280.69,6760718.13,11709.6886218508,2762.76,1479.1,65.87,1283.66,8970.18,1,0,1,0,0,0,0
DE,2018-2019,74,573,Campus Community School,Campus Community School,1000007,1000007,,100000700070,408.0,KG-08,3.0,408,September Count Day,9591.31,643.8,10235.11,3913254.48,262670.399999999,4175924.88,11063.7254901961,2941.73,2379.67,81.74,562.06,7211.64,1,0,1,0,0,0,0
DE,2018-2019,17,724,Cape Henlopen School District,Beacon Middle School,1000170,1000170,8500300500000.0,100017000037,683.0,06-08,3.0,683,September Count Day,12701.8,391.45,13093.25,8675329.4,267360.35,8942689.75,,1842.12,1514.06,63.39,328.06,11187.74,1,0,1,0,0,0,1
DE,2018-2019,17,726,Cape Henlopen School District,Cape Henlopen High School,1000170,1000170,8500300500000.0,100017000029,1499.0,09-12,4.0,1499,September Count Day,14407.27,442.37,14849.64,21596497.73,663112.63,22259610.36,,2127.31,1756.58,71.64,370.73,12650.69,1,0,1,0,0,0,1
DE,2018-2019,17,710,Cape Henlopen School District,H. O. Brittingham Elementary School,1000170,1000170,8500300500000.0,100017000030,435.0,KG-05,2.0,435,September Count Day,14007.86,914.3,14922.16,6093419.1,397720.5,6491139.6,,2275.89,1666.64,305.05,609.25,12341.22,1,0,1,0,0,0,1
DE,2018-2019,17,718,Cape Henlopen School District,Love Creek Elementary School,1000170,1000170,8500300500000.0,100017000382,647.0,KG-05,2.0,647,September Count Day,14015.99,432.39,14448.38,9068345.53,279756.33,9348101.86,,2016.88,1654.51,70.02,362.37,12361.48,1,0,1,0,0,0,1
DE,2018-2019,17,720,Cape Henlopen School District,Mariner Middle School,1000170,1000170,8500300500000.0,100017000033,620.0,06-08,3.0,620,September Count Day,13857.61,427.01,14284.62,8591718.2,264746.2,8856464.4,,2010.81,1652.95,69.15,357.86,12204.66,1,0,1,0,0,0,1
DE,2018-2019,17,721,Cape Henlopen School District,Milton Elementary School,1000170,1000170,8500300500000.0,100017000140,421.0,KG-05,2.0,421,September Count Day,12853.74,1174.02,14027.76,5411424.54,494262.42,5905686.96,,2271,1513.44,416.46,757.56,11340.3,1,0,1,0,0,0,1
DE,2018-2019,17,722,Cape Henlopen School District,Rehoboth Elementary School,1000170,1000170,8500300500000.0,100017000035,470.0,KG-05,2.0,470,September Count Day,13514.56,953.79,14468.35,6351843.2,448281.3,6800124.5,,2243.36,1594.19,304.62,649.17,11920.37,1,0,1,0,0,0,1
DE,2018-2019,17,712,Cape Henlopen School District,Shields (Richard A.) Elementary School,1000170,1000170,8500300500000.0,100017000036,560.0,KG-05,2.0,560,September Count Day,13344.86,411.51,13756.37,7473121.6,230445.6,7703567.2,,1927.23,1582.36,66.64,344.87,11762.5,1,0,1,0,0,0,1
DE,2018-2019,17,728,Cape Henlopen School District,Sussex Consortium,1000170,1000170,8500300500000.0,100017000304,308.0,PK-12,4.0,308,September Count Day,73900.09,2042.01,75942.1,22761227.72,628939.08,23390166.8,,10286.29,8574.97,330.69,1711.32,65325.12,1,0,1,0,0,0,1
DE,2018-2019,13,636,Capital School District,Booker T. Washington Elementary School,1000190,1000190,8500100200000.0,100019000057,284.0,KG-04,2.0,284,September Count Day,19972.03,1660.78,21632.81,5672056.52,471661.52,6143718.04,21838.093561896,3591.85999999999,2199.43999999999,268.36,1392.42,17772.59,1,0,1,0,0,0,0
DE,2018-2019,13,645,Capital School District,Capital Early Childhood Center,1000190,1000190,8500100200000.0,100019000392,,,0.0,NRD,September Count Day,NRD,NRD,NRD,NRD,NRD,NRD,,NRD,NRD,NRD,NRD,NRD,1,0,1,0,0,1,0
DE,2018-2019,13,644,Capital School District,Central Middle School,1000190,1000190,8500100200000.0,100019000049,947.0,07-08,3.0,947,September Count Day,12828.6099999999,688.68,13517.29,12148693.6699999,652179.96,12800873.63,13722.573561896,2371.16,2043.47,360.99,327.69,10785.14,1,0,1,0,0,0,0
DE,2018-2019,13,648,Capital School District,Dover High School,1000190,1000190,8500100200000.0,100019000050,1774.0,09-12,4.0,1774,September Count Day,12552.8,696.29,13249.09,22268667.2,1235218.46,23503885.66,13454.373561896,2182.19,1813.6,327.7,368.59,10739.2,1,0,1,0,0,0,0
DE,2018-2019,13,632,Capital School District,East Dover Elementary School,1000190,1000190,8500100200000.0,100019000051,398.0,KG-04,2.0,398,September Count Day,14987.45,2565.89,17553.34,5965005.1,1021224.22,6986229.32,17758.623561896,3776.70999999999,2195.10999999999,984.29,1581.6,12792.34,1,0,1,0,0,0,0
DE,2018-2019,13,638,Capital School District,Fairview Elementary School,1000190,1000190,8500100200000.0,100019000052,281.0,KG-04,2.0,281,September Count Day,12940.74,1726.68,14667.42,3636347.94,485197.08,4121545.02,14872.703561896,3443.19,1969.26,252.75,1473.93,10971.48,1,0,1,0,0,0,0
DE,2018-2019,13,640,Capital School District,Hartly Elementary School,1000190,1000190,8500100200000.0,100019000053,310.0,KG-04,2.0,310,September Count Day,14508.0599999999,1756.5,16264.56,4497498.6,544515,5042013.6,16469.843561896,3305.08,1815.85,267.27,1489.23,12692.21,1,0,1,0,0,0,0
DE,2018-2019,13,650,Capital School District,Kent County Community School,1000190,1000190,8500100200000.0,100019000054,231.0,PK-12,4.0,231,September Count Day,51987.94,1710.73,53698.67,12009214.14,395178.63,12404392.77,53903.953561896,9557.86,8721.26,874.13,836.6,43266.68,1,0,1,0,0,0,0
DE,2018-2019,13,655,Capital School District,Kent County Secondary ILC,1000190,1000190,8500100200000.0,100019000328,88.0,06-12,4.0,88,September Count Day,52232.78,1462.47,53695.25,4596484.64,128697.36,4725182,53900.533561896,10944.31,10225.97,744.13,718.34,42006.81,1,0,1,0,0,0,0
DE,2018-2019,13,635,Capital School District,North Dover Elementary School,1000190,1000190,8500100200000.0,100019000011,366.0,KG-04,2.0,366,September Count Day,12955.2599999999,1231.63,14186.89,4741625.15999999,450776.58,5192401.74,14392.173561896,2945.4,1919.98,206.21,1025.42,11035.2799999999,1,0,1,0,0,0,0
DE,2018-2019,13,634,Capital School District,South Dover Elementary School,1000190,1000190,8500100200000.0,100019000055,564.0,KG-04,2.0,564,September Count Day,11810.63,1431.48,13242.11,6661195.31999999,807354.72,7468550.04,13447.393561896,2799.68,1558.92999999999,190.73,1240.75,10251.6999999999,1,0,1,0,0,0,0
DE,2018-2019,13,642,Capital School District,Towne Point Elementary School,1000190,1000190,8500100200000.0,100019000056,296.0,KG-04,2.0,296,September Count Day,12677.4499999999,1648.89,14326.34,3752525.19999999,488071.44,4240596.64,14531.623561896,3220.52,1774.87,203.24,1445.65,10902.58,1,0,1,0,0,0,0
DE,2018-2019,13,646,Capital School District,William Henry Middle School,1000190,1000190,8500100200000.0,100019000058,980.0,05-06,2.0,980,September Count Day,12695.22,1116.38,13811.6,12441315.6,1094052.4,13535368,14016.883561896,2590.23,1857.76,383.91,732.47,10837.46,1,0,1,0,0,0,0
DE,2018-2019,80,579,Charter School of New Castle,Charter School of New Castle,1000024,1000024,,100002400256,763.0,KG-08,3.0,763,September Count Day,12485.64,1603.96,14089.6,9526543.32,1223821.48,10750364.8,14131.0615989515,6047.26,4977.46,534.16,1069.8,7508.17999999999,1,0,1,0,0,0,0
DE,2018-2019,33,350,Christina School District,Bancroft Elementary School,1000200,1000200,8500260300000.0,100020000233,246.0,01-06,2.0,246,September Count Day,26226.94,2648.23,28875.17,6451827.23999999,651464.58,7103291.81999999,30032.1034673632,6283.42,4959.5,1324.31,1323.92,21267.44,1,0,1,0,0,0,0
DE,2018-2019,33,352,Christina School District,Bayard Middle School,1000200,1000200,8500260300000.0,100020000232,325.0,01-08,3.0,325,September Count Day,21304.38,1345.6,22649.98,6923923.5,437319.999999999,7361243.5,23806.9134673632,4932.04999999999,4133.07,546.62,798.98,17171.31,1,0,1,0,0,0,0
DE,2018-2019,33,339,Christina School District,Brader (Henry M.) Elementary School,1000200,1000200,8500260300000.0,100020000323,439.0,KG-05,2.0,439,September Count Day,18060.87,834.02,18894.89,7928721.93,366134.779999999,8294856.71,20051.8234673632,2624.85999999999,2253.41,462.57,371.45,15807.46,1,0,1,0,0,0,0
DE,2018-2019,33,538,Christina School District,Brennen School (The),1000200,1000200,8500260300000.0,100020000305,424.0,PK-12,4.0,424,September Count Day,85902.29,1679.48,87581.77,36422570.96,712099.52,37134670.48,88738.7034673633,18695.9499999999,18033.35,1016.88,662.6,67868.94,1,0,1,0,0,0,0
DE,2018-2019,33,310,Christina School District,Brookside Elementary School,1000200,1000200,8500260300000.0,100020000231,291.0,KG-05,2.0,291,September Count Day,19694.6099999999,1116.6,20811.21,5731131.50999999,324930.6,6056062.10999999,21968.1434673632,3211.63,2664.85,569.82,546.78,17029.76,1,0,1,0,0,0,0
DE,2018-2019,33,390,Christina School District,Christiana High School,1000200,1000200,8500260300000.0,100020000240,927.0,06-12,4.0,927,September Count Day,21480.28,691.11,22171.39,19912219.56,640658.97,20552878.53,23328.3234673632,4702.32,4320.21,309,382.11,17160.07,1,0,1,0,0,0,0
DE,2018-2019,33,545,Christina School District,Christina Early Education Center,1000200,1000200,8500260300000.0,100020000349,305.0,PK-PK,1.0,305,September Count Day,31251.28,1326.13,32577.41,9531640.4,404469.65,9936110.05,33734.3434673632,4900.71,4266.38,691.8,634.33,26984.9,1,0,1,0,0,1,0
DE,2018-2019,33,540,Christina School District,Delaware School for the Deaf School (DSD),1000200,1000200,8500260300000.0,100020000210,102.0,PK-12,4.0,102,September Count Day,121467.56,2243.6,123711.16,12389691.12,228847.199999999,12618538.32,124868.093467363,21622.95,20965.97,1586.62,656.98,100501.59,1,0,1,0,0,0,0
DE,2018-2019,33,537,Christina School District,Douglass School,1000200,1000200,8500260300000.0,100020000010,69.0,01-12,4.0,NRD,September Count Day,NRD,NRD,NRD,NRD,NRD,NRD,,NRD,NRD,NRD,NRD,NRD,1,0,1,0,0,1,0
DE,2018-2019,33,318,Christina School District,Downes (John R.) Elementary School,1000200,1000200,8500260300000.0,100020000228,508.0,KG-05,2.0,508,September Count Day,14107,636.369999999999,14743.37,7166356,323275.959999999,7489631.96,15900.3034673632,2074.88,1767.85,329.34,307.03,12339.15,1,0,1,0,0,0,0
DE,2018-2019,33,356,Christina School District,Elbert-Palmer Elementary School,1000200,1000200,8500260300000.0,100020000325,,,,244,September Count Day,17563.28,1299.44,18862.72,4285440.31999999,317063.36,4602503.68,20019.6534673633,3390.58,2857.89,766.75,532.69,14705.39,1,0,1,0,0,0,0
DE,2018-2019,33,320,Christina School District,Gallaher (Robert S.) Elementary School,1000200,1000200,8500260300000.0,100020000312,547.0,KG-05,2.0,547,September Count Day,14060.65,886.79,14947.44,7691175.55,485074.13,8176249.68,16104.3734673632,2258.86,1916.61,544.54,342.25,12144.04,1,0,1,0,0,0,0
DE,2018-2019,33,372,Christina School District,Gauger-Cobbs Middle School,1000200,1000200,8500260300000.0,100020000236,967.0,06-08,3.0,967,September Count Day,15808.47,564.81,16373.28,15286790.49,546171.269999999,15832961.76,17530.2134673632,2847.73,2561.84,278.92,285.89,13246.63,1,0,1,0,0,0,0
DE,2018-2019,33,392,Christina School District,Glasgow High School,1000200,1000200,8500260300000.0,100020000239,753.0,09-12,4.0,753,September Count Day,20060.86,739.12,20799.98,15105827.58,556557.36,15662384.94,21956.9134673632,4629.86,4229.01,338.27,400.85,15831.85,1,0,1,0,0,0,0
DE,2018-2019,33,314,Christina School District,Jones (Albert H.) Elementary School,1000200,1000200,8500260300000.0,100020000229,355.0,KG-05,2.0,355,September Count Day,17235.1,948.05,18183.15,6118460.5,336557.75,6455018.25,19340.0834673633,2585.16,2200.01,562.9,385.15,15035.09,1,0,1,0,0,0,0
DE,2018-2019,33,321,Christina School District,Keene (William B.) Elementary School,1000200,1000200,8500260300000.0,100020000117,540.0,KG-05,2.0,540,September Count Day,15445.9199999999,722.839999999999,16168.76,8340796.79999999,390333.6,8731130.4,17325.6934673633,2292.68,1938.6,368.76,354.08,13507.32,1,0,1,0,0,0,0
DE,2018-2019,33,374,Christina School District,Kirk (George V.) Middle School,1000200,1000200,8500260300000.0,100020000235,664.0,06-08,3.0,664,September Count Day,16053.84,898.579999999999,16952.42,10659749.76,596657.12,11256406.8799999,18109.3534673632,3378.65,2952.58,472.51,426.07,13101.26,1,0,1,0,0,0,0
DE,2018-2019,33,322,Christina School District,Leasure (May B.) Elementary School,1000200,1000200,8500260300000.0,100020000224,425.0,KG-05,2.0,425,September Count Day,19459.52,861.24,20320.76,8270296,366027,8636323,21477.6934673632,4193.24,3815.12,483.12,378.12,15644.4,1,0,1,0,0,0,0
DE,2018-2019,33,324,Christina School District,Maclary (R. Elisabeth) Elementary School,1000200,1000200,8500260300000.0,100020000223,315.0,KG-05,2.0,315,September Count Day,20883.18,1015.14,21898.32,6578201.7,319769.1,6897970.8,23055.2534673632,3305.12999999999,2884.02999999999,594.04,421.1,17999.15,1,0,1,0,0,0,0
DE,2018-2019,33,312,Christina School District,Marshall (Thurgood) Elementary School,1000200,1000200,8500260300000.0,100020000005,864.0,KG-05,2.0,864,September Count Day,13222.74,480.8,13703.54,11424447.36,415411.2,11839858.56,14860.4734673632,1850.69,1627.99,258.1,222.7,11594.75,1,0,1,0,0,0,0
DE,2018-2019,33,326,Christina School District,McVey (Joseph M.) Elementary School,1000200,1000200,8500260300000.0,100020000221,361.0,KG-05,2.0,361,September Count Day,17997.25,1049.16,19046.41,6497007.25,378746.76,6875754.01,20203.3434673632,2550.37,2152.92,651.71,397.45,15844.33,1,0,1,0,0,0,0
DE,2018-2019,33,394,Christina School District,Newark High School,1000200,1000200,8500260300000.0,100020000238,1028.0,09-12,4.0,1028,September Count Day,19230.42,816.04,20046.46,19768871.7599999,838889.12,20607760.88,21203.3934673632,4339.38,3960.34,437,379.04,15270.0799999999,1,0,1,0,0,0,0
DE,2018-2019,33,327,Christina School District,Oberle (William) Elementary School,1000200,1000200,8500260300000.0,100020000343,654.0,KG-05,2.0,654,September Count Day,14389.1899999999,837.06,15226.25,9410530.26,547437.24,9957967.5,16383.1834673632,2355.56,2042.8,524.3,312.76,12346.39,1,0,1,0,0,0,0
DE,2018-2019,33,358,Christina School District,Pulaski (Casimir) Elementary School,1000200,1000200,8500260300000.0,100020000220,,,,264,September Count Day,18545.25,1062.1,19607.35,4895946,280394.399999999,5176340.39999999,20764.2834673632,3404.29,2995.79,653.6,408.5,15549.46,1,0,1,0,0,0,0
DE,2018-2019,33,354,Christina School District,Pyle (Sarah) Academy,1000200,1000200,8500260300000.0,100020000227,0.0,UG-UG,0.0,NRD,September Count Day,NRD,NRD,NRD,NRD,NRD,NRD,,NRD,NRD,NRD,NRD,NRD,1,0,1,0,0,1,0
DE,2018-2019,33,376,Christina School District,Shue-Medill Middle School,1000200,1000200,8500260300000.0,100020000234,830.0,06-08,3.0,830,September Count Day,15364.69,584.62,15949.31,12752692.7,485234.6,13237927.2999999,17106.2434673632,2919.09,2601.02,266.55,318.07,12763.67,1,0,1,0,0,0,0
DE,2018-2019,33,330,Christina School District,Smith (Jennie E.) Elementary School,1000200,1000200,8500260300000.0,100020000218,496.0,KG-05,2.0,496,September Count Day,14501.99,804.05,15306.04,7192987.04,398808.8,7591795.84,16462.9734673633,2159.12,1829.11,474.04,330.01,12672.88,1,0,1,0,0,0,0
DE,2018-2019,33,362,Christina School District,Stubbs (Frederick Douglass) Elementary School,1000200,1000200,8500260300000.0,100020000217,264.0,PK-KG,1.0,264,September Count Day,18643.32,4271.17,22914.49,4921836.47999999,1127588.88,6049425.36,24071.4234673633,7557.77,4911.98,1625.38,2645.79,13731.34,1,0,1,0,0,0,0
DE,2018-2019,33,332,Christina School District,West Park Place Elementary School,1000200,1000200,8500260300000.0,100020000316,338.0,KG-05,2.0,338,September Count Day,15559.96,742.53,16302.49,5259266.48,250975.139999999,5510241.62,17459.4234673632,2185.02,1892.61,450.12,292.41,13667.35,1,0,1,0,0,0,0
DE,2018-2019,33,334,Christina School District,Wilson (Etta J.) Elementary School,1000200,1000200,8500260300000.0,100020000214,298.0,KG-05,2.0,298,September Count Day,16953.51,1184.84,18138.35,5052145.98,353082.32,5405228.3,19295.2834673632,3053.18999999999,2518.74,650.39,534.45,14434.77,1,0,1,0,0,0,0
DE,2018-2019,34,470,Colonial School District,Bedford (Gunning) Middle School,1000230,1000230,8500260400000.0,100023000208,1054.0,06-08,3.0,1054,September Count Day,12028.22,546.51,12574.73,12677743.8799999,576021.54,13253765.42,12678.1162230761,2183.02,1934.2,297.69,248.82,10094.02,1,0,1,0,0,0,0
DE,2018-2019,34,410,Colonial School District,Carrie Downie Elementary School,1000230,1000230,8500260400000.0,100023000205,401.0,KG-05,2.0,401,September Count Day,13915.85,402.52,14318.37,5580255.85,161410.52,5741666.37,14421.7562230761,2171.73,2045.14999999999,275.94,126.58,11870.7,1,0,1,0,0,0,0
DE,2018-2019,34,412,Colonial School District,Castle Hills Elementary School,1000230,1000230,8500260400000.0,100023000204,598.0,KG-05,2.0,598,September Count Day,14510.22,814.44,15324.66,8677111.56,487035.12,9164146.68,15428.0462230761,2511.93,1983.65,286.16,528.28,12526.57,1,0,1,0,0,0,0
DE,2018-2019,34,456,Colonial School District,Eisenberg (Harry O.) Elementary School,1000230,1000230,8500260400000.0,100023000200,508.0,KG-05,2.0,508,September Count Day,14094.71,694.25,14788.96,7160112.68,352679,7512791.68,14892.3462230761,2740.39,2348.8,302.66,391.59,11745.91,1,0,1,0,0,0,0
DE,2018-2019,34,514,Colonial School District,Leach (John G.) School,1000230,1000230,8500260400000.0,100023000196,83.0,PK-12,4.0,83,September Count Day,118389.709999999,4783.34,123173.05,9826345.93,397017.22,10223363.15,123276.436223076,29154.15,26272.29,1901.48,2881.86,92117.42,1,0,1,0,0,0,0
DE,2018-2019,34,476,Colonial School District,McCullough (Calvin R. ) Middle School,1000230,1000230,8500260400000.0,100023000271,768.0,06-08,3.0,768,September Count Day,14074.35,669.08,14743.43,10809100.8,513853.44,11322954.24,14846.8162230761,2362.69,1991.72,298.11,370.97,12082.63,1,0,1,0,0,0,0
DE,2018-2019,34,432,Colonial School District,New Castle Elementary School,1000230,1000230,8500260400000.0,100023000366,517.0,KG-05,2.0,517,September Count Day,14218.69,676.609999999999,14895.3,7351062.73,349807.369999999,7700870.1,14998.6862230761,2537.43,2197.15,336.33,340.28,12021.54,1,0,1,0,0,0,0
DE,2018-2019,34,490,Colonial School District,Penn (William) High School,1000230,1000230,8500260400000.0,100023000209,2186.0,09-12,4.0,2186,September Count Day,13517.46,701.36,14218.82,29549167.56,1533172.96,31082340.52,14322.2062230761,2597.02,2332.35,436.69,264.67,11185.11,1,0,1,0,0,0,0
DE,2018-2019,34,418,Colonial School District,Pleasantville Elementary School,1000230,1000230,8500260400000.0,100023000198,405.0,KG-05,2.0,405,September Count Day,16424.11,672.24,17096.35,6651764.55,272257.2,6924021.74999999,17199.7362230761,2421.25,2056.14,307.13,365.11,14367.97,1,0,1,0,0,0,0
DE,2018-2019,34,474,Colonial School District,Read (George) Middle School,1000230,1000230,8500260400000.0,100023000206,788.0,06-08,3.0,788,September Count Day,14263.68,1450.98,15714.66,11239779.84,1143372.24,12383152.08,15818.0462230761,3441.89,2485.35,494.44,956.54,11778.33,1,0,1,0,0,0,0
DE,2018-2019,34,427,Colonial School District,Southern Elementary School,1000230,1000230,8500260400000.0,100023000118,858.0,KG-05,2.0,858,September Count Day,20052.8199999999,1249.58,21302.4,17205319.5599999,1072139.64,18277459.2,21405.7862230762,3661.58,2840.47,428.47,821.11,17212.35,1,0,1,0,0,0,0
DE,2018-2019,34,450,Colonial School District,The Colwyck Center,1000230,1000230,8500260400000.0,100023000203,146.0,PK-PK,1.0,146,September Count Day,44406.5099999999,3240.38,47646.89,6483350.45999999,473095.48,6956445.93999999,47750.2762230761,8340.47,6771.84,1671.75,1568.63,37634.67,1,0,1,0,0,1,0
DE,2018-2019,34,522,Colonial School District,The Wallace Wallin School,1000230,1000230,8500260400000.0,100023000378,119.0,07-12,4.0,119,September Count Day,30153.27,1877.43,32030.7,3588239.13,223414.17,3811653.3,32134.0862230762,4656.23,3631.32,852.52,1024.91,26521.95,1,0,1,0,0,0,0
DE,2018-2019,34,422,Colonial School District,Wilbur (Kathleen H.) Elementary,1000230,1000230,8500260400000.0,100023000237,1151.0,KG-05,2.0,1151,September Count Day,12400.03,644.8,13044.83,14272434.53,742164.799999999,15014599.33,13148.2162230761,2123.25,1738.48,260.03,384.77,10661.55,1,0,1,0,0,0,0
DE,2018-2019,34,420,Colonial School District,Wilmington Manor Elementary School,1000230,1000230,8500260400000.0,100023000197,307.0,KG-05,2.0,307,September Count Day,16426.57,392.27,16818.84,5042956.99,120426.89,5163383.88,16922.2262230761,2143.08,2047.88,297.07,95.2,14378.6899999999,1,0,1,0,0,0,0
DE,2018-2019,37,730,Delmar School District,Delmar High School,1000270,1000270,8500350700000.0,100027000080,656.0,09-12,4.0,656,September Count Day,11007.87,334.97,11342.84,7221162.72,219740.32,7440903.04,11621.3667479281,1867.58,1644.12,111.51,223.46,9363.75,1,0,1,0,0,0,0
DE,2018-2019,37,739,Delmar School District,Delmar Middle Level ILC,1000270,1000270,8500350700000.0,100027000386,8.0,06-08,3.0,NRD,September Count Day,NRD,NRD,NRD,NRD,NRD,NRD,,NRD,NRD,NRD,NRD,NRD,1,0,1,0,0,1,0
DE,2018-2019,37,733,Delmar School District,Delmar Middle School,1000270,1000270,8500350700000.0,100027000078,693.0,05-08,3.0,693,September Count Day,8935.82,663.829999999999,9599.65,6192523.26,460034.189999999,6652557.45,9878.17674792813,1565.81,1255,353.02,310.81,7680.82,1,0,1,0,0,0,0
DE,2018-2019,9604,4040,Early College High School at Del State,Early College High School at Del State,1000055,1000055,,100005500363,393.0,09-12,4.0,393,September Count Day,9608.94,578.56,10187.5,3776313.42,227374.08,4003687.5,10005.0890585242,4114.68,3920.88,384.76,193.8,5688.06,1,0,1,0,0,0,0
DE,2018-2019,72,571,East Side Charter School,East Side Charter School,1000006,1000006,,100000600017,422.0,KG-08,3.0,422,September Count Day,16365.2599999999,1727.3,18092.56,6906139.72,728920.6,7635060.32,18149.2890995261,5740.44,4478.41,465.27,1262.03,11886.85,1,0,1,0,0,0,0
DE,2018-2019,76,575,Edison (Thomas A.) Charter School,Edison (Thomas A.) Charter School,1000010,1000010,,100001000079,730.0,KG-08,3.0,730,September Count Day,10762.24,1492.25,12254.49,7856435.2,1089342.5,8945777.7,12147.9452054795,4465.09,3533.33,560.49,931.76,7228.91,1,0,1,0,0,0,0
DE,2018-2019,9607,4055,First State Military Academy,First State Military Academy,1000057,1000057,,100005700368,436.0,09-12,4.0,436,September Count Day,12017.35,461.19,12478.54,5239564.6,201078.84,5440643.44,11924.3119266055,4301.21,4119.47,279.45,181.74,7897.87999999999,1,0,1,0,0,0,0
DE,2018-2019,9606,4050,First State Montessori Academy,First State Montessori Academy,1000054,1000054,,100005400362,560.0,KG-08,3.0,560,September Count Day,12843.11,351.04,13194.15,7192141.6,196582.4,7388724,14053.5714285714,4864.70999999999,4525.38999999999,11.72,339.32,8317.72,1,0,1,0,0,0,0
DE,2018-2019,9612,4080,Freire Charter School Wilmington,Freire Charter School,1000059,1000059,,100005900372,479.0,08-12,4.0,479,September Count Day,12225.75,1504.34,13730.09,5856134.25,720578.86,6576713.11,14215.0313152401,7950.53,6609.14,162.95,1341.39,5616.61,1,0,1,0,0,0,0
DE,2018-2019,92,543,Gateway Lab School,Gateway Lab School,1000052,1000052,,100005200346,172.0,03-08,3.0,172,September Count Day,27201.52,994.369999999999,28195.89,4678661.44,171031.639999999,4849693.08,28238.3720930233,11788.16,11235.48,441.69,552.68,15966.04,1,0,1,0,0,0,0
DE,2018-2019,9611,4075,Great Oaks Charter School,Great Oaks Charter School,1000062,1000062,,100006200373,440.0,06-10,4.0,440,September Count Day,14682.0099999999,1710.69,16392.7,6460084.39999999,752703.6,7212788,16643.1818181818,9525.63,8189.87,374.93,1335.76,6492.13999999999,1,0,1,0,0,0,0
DE,2018-2019,36,689,Indian River School District,Carver (G.W.) Educational Center,1000680,1000680,8500300100000.0,100068000065,48.0,04-12,4.0,NRD,September Count Day,NRD,NRD,NRD,NRD,NRD,NRD,,NRD,NRD,NRD,NRD,NRD,1,0,1,0,0,1,0
DE,2018-2019,36,732,Indian River School District,Clayton (John M.) Elementary School,1000680,1000680,8500300100000.0,100068000082,553.0,KG-05,2.0,553,September Count Day,14976.4899999999,878.15,15854.64,8281998.96999999,485616.95,8767615.92,16011.7321965591,2405.71,1864.98,337.42,540.73,13111.5099999999,1,0,1,0,0,0,0
DE,2018-2019,36,738,Indian River School District,East Millsboro Elementary School,1000680,1000680,8500300100000.0,100068000081,864.0,KG-05,2.0,864,September Count Day,12082.47,686.95,12769.42,10439254.08,593524.8,11032778.88,12926.5121965591,1914.35,1502.51,275.11,411.84,10579.96,1,0,1,0,0,0,0
DE,2018-2019,36,750,Indian River School District,Ennis (Howard T.) School,1000680,1000680,8500300100000.0,100068000084,134.0,PK-12,4.0,134,September Count Day,106921.37,1417.15999999999,108338.53,14327463.58,189899.439999999,14517363.02,108495.622196559,19322.2899999999,18666.8799999999,761.75,655.41,88254.4899999999,1,0,1,0,0,0,0
DE,2018-2019,36,734,Indian River School District,Georgetown Elementary School,1000680,1000680,8500300100000.0,100068000083,837.0,PK-05,2.0,837,September Count Day,12881.1899999999,1175.52,14056.71,10781556.03,983910.24,11765466.27,14213.8021965591,2142.32,1419.21,452.41,723.11,11461.98,1,0,1,0,0,0,0
DE,2018-2019,36,691,Indian River School District,Georgetown Kindergarten Center,1000680,1000680,8500300100000.0,100068000376,,,,276,September Count Day,12357.71,880.78,13238.49,3410727.96,243095.28,3653823.23999999,13395.5821965591,1519.18,878.15,239.75,641.03,11479.56,1,0,1,0,0,0,0
DE,2018-2019,36,743,Indian River School District,Georgetown Middle School,1000680,1000680,8500300100000.0,100068000245,793.0,06-08,3.0,793,September Count Day,12701.41,740.14,13441.55,10072218.1299999,586931.02,10659149.1499999,13598.6421965591,2374.6,1892.23,257.77,482.37,10809.18,1,0,1,0,0,0,0
DE,2018-2019,36,746,Indian River School District,Indian River High School,1000680,1000680,8500300100000.0,100068000085,950.0,09-12,4.0,950,September Count Day,16764.85,667.569999999999,17432.42,15926607.4999999,634191.499999999,16560798.9999999,17589.5121965591,3440.49,3085.89999999999,312.98,354.59,13678.9499999999,1,0,1,0,0,0,0
DE,2018-2019,36,745,Indian River School District,Indian River Intensive Learning Center,1000680,1000680,8500300100000.0,100068000384,61.0,PK-PK,1.0,NRD,September Count Day,NRD,NRD,NRD,NRD,NRD,NRD,,NRD,NRD,NRD,NRD,NRD,1,0,1,0,0,1,0
DE,2018-2019,36,690,Indian River School District,Long Neck Elementary School,1000680,1000680,8500300100000.0,100068000074,757.0,KG-05,2.0,757,September Count Day,11074,857.98,11931.98,8383018,649490.86,9032508.86,12089.0721965591,2048.14,1465.44,275.28,582.7,9608.56,1,0,1,0,0,0,0
DE,2018-2019,36,736,Indian River School District,Lord Baltimore Elementary School,1000680,1000680,8500300100000.0,100068000086,681.0,KG-05,2.0,681,September Count Day,12107.4099999999,631.2,12738.61,8245146.20999999,429847.2,8674993.41,12895.7021965591,1692.46,1306.94,245.68,385.52,10800.47,1,0,1,0,0,0,0
DE,2018-2019,36,741,Indian River School District,Millsboro Middle School,1000680,1000680,8500300100000.0,100068000303,752.0,06-08,3.0,752,September Count Day,13351.38,695.069999999999,14046.45,10040237.76,522692.639999999,10562930.4,14203.5421965591,2434.55,2004.03,264.55,430.52,11347.3499999999,1,0,1,0,0,0,0
DE,2018-2019,36,692,Indian River School District,North Georgetown Elementary School,1000680,1000680,8500300100000.0,100068000067,770.0,PK-05,2.0,770,September Count Day,12451.6199999999,937.58,13389.2,9587747.39999999,721936.6,10309684,13546.2921965591,2470.51,1832.3,299.37,638.21,10619.32,1,0,1,0,0,0,0
DE,2018-2019,36,742,Indian River School District,Selbyville Middle School,1000680,1000680,8500300100000.0,100068000087,740.0,06-08,3.0,740,September Count Day,13681.24,755.04,14436.28,10124117.6,558729.6,10682847.2,14593.3721965591,2590.41,2160.77,325.4,429.64,11520.47,1,0,1,0,0,0,0
DE,2018-2019,36,740,Indian River School District,Showell (Phillip C.) Elementary School,1000680,1000680,8500300100000.0,100068000088,348.0,KG-05,2.0,348,September Count Day,14756.96,1156.88,15913.84,5135422.08,402594.24,5538016.32,16070.9321965591,2890.39,2028.66,295.15,861.73,12728.3,1,0,1,0,0,0,0
DE,2018-2019,36,749,Indian River School District,Southern Delaware School of the Arts,1000680,1000680,8500300100000.0,100068000075,472.0,KG-08,3.0,472,September Count Day,13166.41,372.7,13539.11,6214545.52,175914.4,6390459.92,13696.2021965591,1926.24,1700.84,147.3,225.4,11465.57,1,0,1,0,0,0,0
DE,2018-2019,36,748,Indian River School District,Sussex Central High School,1000680,1000680,8500300100000.0,100068000090,1661.0,09-12,4.0,1661,September Count Day,13956.76,627.57,14584.33,23182178.36,1042393.77,24224572.13,14741.4221965591,2253.34,2032.24,406.47,221.1,11924.52,1,0,1,0,0,0,0
DE,2018-2019,82,581,Kuumba Academy Charter School,Kuumba Academy Charter School,1000014,1000014,,100001400106,661.0,KG-08,3.0,661,September Count Day,13124.82,1499.52,14624.34,8675506.02,991182.72,9666688.74,14624.810892587,6262.6,4847.93,84.85,1414.67,8276.89,1,0,1,0,0,0,0
DE,2018-2019,15,664,Lake Forest School District,Chipman (W.T.) Middle School,1000790,1000790,8500100300000.0,100079000098,911.0,06-08,3.0,911,September Count Day,10486.37,456.429999999999,10942.8,9553083.07,415807.73,9968890.79999999,11117.9464949279,2276.33,2008.24,188.34,268.09,8478.13,1,0,1,0,0,0,0
DE,2018-2019,15,663,Lake Forest School District,Delaware Early Childhood Center,1000790,1000790,8500100300000.0,100079000383,42.0,PK-PK,1.0,42,September Count Day,10270.91,239.78,10510.69,431378.22,10070.76,441448.98,10685.8364949279,2882.68999999999,2786.06999999999,143.16,96.62,7484.84,1,0,1,0,0,0,0
DE,2018-2019,15,669,Lake Forest School District,Lake Forest Central Elementary School,1000790,1000790,8500100300000.0,100079000077,644.0,04-05,2.0,644,September Count Day,11260.31,440.83,11701.14,7251639.64,283894.52,7535534.15999999,11876.2864949279,1964.21,1712.15,188.77,252.06,9548.16,1,0,1,0,0,0,0
DE,2018-2019,15,658,Lake Forest School District,Lake Forest East Elementary School,1000790,1000790,8500100300000.0,100079000094,298.0,KG-03,2.0,298,September Count Day,13966.0999999999,1242.54,15208.64,4161897.79999999,370276.92,4532174.72,15383.7864949279,2907.32,1969.62,304.84,937.7,11996.48,1,0,1,0,0,0,0
DE,2018-2019,15,665,Lake Forest School District,Lake Forest High School,1000790,1000790,8500100300000.0,100079000095,886.0,09-12,4.0,886,September Count Day,12652.33,571.96,13224.29,11209964.38,506756.56,11716720.94,13399.4364949279,2716.2,2411.22,266.98,304.98,10241.1099999999,1,0,1,0,0,0,0
DE,2018-2019,15,660,Lake Forest School District,Lake Forest North Elementary School,1000790,1000790,8500100300000.0,100079000096,517.0,PK-03,2.0,517,September Count Day,12252.09,1412.06,13664.15,6334330.53,730035.02,7064365.55,13839.2964949279,3067.8,1868.25,212.51,1199.55,10383.84,1,0,1,0,0,0,0
DE,2018-2019,15,662,Lake Forest School District,Lake Forest South Elementary School,1000790,1000790,8500100300000.0,100079000097,448.0,KG-03,2.0,448,September Count Day,11742.5399999999,1321.67,13064.21,5260657.92,592108.16,5852766.08,13239.3564949279,3011.56,1864.65,174.76,1146.91,9877.89,1,0,1,0,0,0,0
DE,2018-2019,69,568,Las Americas Aspira Academy,Las Americas ASPIRA Academy,1000050,1000050,,100005000342,785.0,KG-08,3.0,785,September Count Day,13564.18,663.61,14227.79,10647881.3,520933.85,11168815.15,,3702.15,3071.08,32.54,631.07,10493.1,1,0,1,0,0,0,1
DE,2018-2019,16,783,Laurel School District,Laurel Elementary School,1000810,1000810,8500300200000.0,100081000364,1088.0,01-05,2.0,1088,September Count Day,9390.23,720.55,10110.78,10216570.24,783958.4,11000528.64,10062.3224395081,1821.90999999999,1578.83,477.47,243.08,7811.4,1,0,1,0,0,0,0
DE,2018-2019,16,782,Laurel School District,Laurel Intermediate Middle School,1000810,1000810,8500300200000.0,100081000365,631.0,06-08,3.0,631,September Count Day,10365.66,1640.69,12006.35,6540731.46,1035275.39,7576006.85,11957.8924395081,2734.9,1606.92,512.71,1127.98,8758.74,1,0,1,0,0,0,0
DE,2018-2019,16,756,Laurel School District,Laurel Senior High School,1000810,1000810,8500300200000.0,100081000100,590.0,09-12,4.0,590,September Count Day,11528.2,754.87,12283.07,6801638,445373.3,7247011.3,12234.6124395081,2234.55,2008.79,529.11,225.76,9519.41,1,0,1,0,0,0,0
DE,2018-2019,16,752,Laurel School District,North Laurel Elementary School,1000810,1000810,8500300200000.0,100081000101,212.0,PK-KG,1.0,212,September Count Day,18284.07,1624.49,19908.56,3876222.84,344391.88,4220614.72,19860.1024395081,3517.56999999999,3008.99,1115.91,508.58,15275.08,1,0,1,0,0,0,0
DE,2018-2019,18,668,Milford School District,Banneker (Benjamin) Elementary School,1001080,1001080,8500300400000.0,100108000107,530.0,01-05,2.0,530,September Count Day,11526.99,1286.47,12813.46,6109304.7,681829.1,6791133.8,13076.220127007,3022.45,2102.21,366.23,920.24,9424.77999999999,1,0,1,0,0,0,0
DE,2018-2019,18,675,Milford School District,Milford Central Academy,1001080,1001080,8500300400000.0,100108000345,966.0,06-08,3.0,966,September Count Day,11078.2899999999,740.26,11818.55,10701628.1399999,715091.16,11416719.2999999,12081.310127007,2339.10999999999,1922.48999999999,323.64,416.62,9155.8,1,0,1,0,0,0,0
DE,2018-2019,18,678,Milford School District,Milford Senior High School,1001080,1001080,8500300400000.0,100108000111,1098.0,09-12,4.0,1098,September Count Day,11771.3299999999,672.85,12444.18,12924920.3399999,738789.3,13663709.64,12706.940127007,2648.57,2334.52,358.8,314.05,9436.81,1,0,1,0,0,0,0
DE,2018-2019,18,673,Milford School District,Mispillion Elementary,1001080,1001080,8500300400000.0,100108000344,547.0,01-05,2.0,547,September Count Day,11176.51,974.599999999999,12151.11,6113550.97,533106.2,6646657.17,12413.870127007,2436.98,1808.84,346.46,628.14,9367.67,1,0,1,0,0,0,0
DE,2018-2019,18,670,Milford School District,Morris (Evelyn I.) Early Childhood,1001080,1001080,8500300400000.0,100108000002,376.0,PK-KG,1.0,376,September Count Day,15561.87,1253.27,16815.14,5851263.12,471229.52,6322492.64,17077.900127007,3289.94,2553.19,516.52,736.75,13008.68,1,0,1,0,0,0,0
DE,2018-2019,18,672,Milford School District,Ross (Lulu M.) Elementary School,1001080,1001080,8500300400000.0,100108000109,656.0,01-05,2.0,656,September Count Day,11104.91,1242.33,12347.24,7284820.96,814968.48,8099789.43999999,12610.000127007,2870.14,2068.68,440.87,801.46,9036.23,1,0,1,0,0,0,0
DE,2018-2019,88,587,MOT Charter School,MOT Charter School,1000019,1000019,,100001900123,1314.0,KG-12,4.0,1314,September Count Day,10528.06,219.19,10747.25,13833870.84,288015.66,14121886.5,10662.8614916286,2744.19,2558.5,33.5,185.69,7969.56,1,0,1,0,0,0,0
DE,2018-2019,38,80,New Castle County Vocational-Technical School District,Delcastle Technical High School,1001280,1001280,8500280100000.0,100128000154,1558.0,09-12,4.0,1558,September Count Day,17707.13,1068.96,18776.09,27587708.54,1665439.68,29253148.22,19293.3606793186,4091.19,3505.84,483.61,585.35,14201.29,1,0,1,0,0,0,0
DE,2018-2019,38,66,New Castle County Vocational-Technical School District,Hodgson (Paul M.) Vocational Technical High School,1001280,1001280,8500280100000.0,100128000296,1119.0,09-12,4.0,1119,September Count Day,17784.14,294.72,18078.86,19900452.66,329791.68,20230244.34,18596.1306793186,3671.59,3464.55,87.68,207.04,14319.59,1,0,1,0,0,0,0
DE,2018-2019,38,26,New Castle County Vocational-Technical School District,Howard High School of Technology,1001280,1001280,8500280100000.0,100128000297,834.0,09-12,4.0,834,September Count Day,17682.23,1034.78,18717.01,14746979.82,863006.52,15609986.3399999,19234.2806793186,4691.53,3907.42,250.67,784.11,13774.81,1,0,1,0,0,0,0
DE,2018-2019,38,44,New Castle County Vocational-Technical School District,St. Georges Technical High School,1001280,1001280,8500280100000.0,100128000181,1126.0,09-12,4.0,1126,September Count Day,16914.85,292.11,17206.96,19046121.1,328915.86,19375036.9599999,17724.2306793186,3498.87,3327.74,120.98,171.13,13587.11,1,0,1,0,0,0,0
DE,2018-2019,89,588,Newark Charter School,Newark Charter School,1000015,1000015,,100001500112,2386.0,KG-12,4.0,2386,September Count Day,11802.5099999999,231.89,12034.4,28160788.8599999,553289.539999999,28714078.4,12379.2958927075,2417.24,2205.76,20.41,211.48,9596.75,1,0,1,0,0,0,0
DE,2018-2019,86,585,Odyssey Charter School,Odyssey Charter School,1000026,1000026,,100002600259,1803.0,KG-12,4.0,1803,September Count Day,11239.32,289.45,11528.77,20264493.96,521878.35,20786372.31,12002.2185246811,2478.33,2266.54,77.66,211.79,8972.77999999999,1,0,1,0,0,0,0
DE,2018-2019,39,652,POLYTECH School District,POLYTECH High School,1000750,1000750,8500170100000.0,100075000092,1199.0,09-12,4.0,1199,September Count Day,16397.16,360.16,16757.32,19660194.84,431831.84,20092026.68,16739.7831526272,4116.51,3788.91,32.56,327.6,12608.25,1,0,1,0,0,0,0
DE,2018-2019,71,570,Positive Outcomes Charter School,Positive Outcomes Charter School,1000005,1000005,,100000500013,120.0,07-12,4.0,120,September Count Day,26522.0599999999,733.27,27255.33,3182647.19999999,87992.4,3270639.6,26808.3333333333,6527.05,5796.85,3.07,730.2,20725.21,1,0,1,0,0,0,0
DE,2018-2019,87,586,Providence Creek Academy Charter School,Providence Creek Academy Charter School,1000018,1000018,,100001800122,690.0,KG-08,3.0,690,September Count Day,9807.59999999999,57.3,9864.9,6767243.99999999,39537,6806781,10857.9710144928,2085.19,2027.89,0,57.3,7779.70999999999,1,0,1,0,0,0,0
DE,2018-2019,32,252,Red Clay Consolidated School District,Baltz (Austin D.) Elementary School,1001300,1001300,8500260500000.0,100130000264,525.0,KG-05,2.0,525,September Count Day,15755.83,1554.4,17310.23,8271810.75,816060,9087870.75,18437.9300180822,4154.96,2719.97,119.41,1434.99,13035.86,1,0,1,0,0,0,0
DE,2018-2019,32,261,Red Clay Consolidated School District,Brandywine Springs School,1001300,1001300,8500260500000.0,100130000104,997.0,KG-08,3.0,997,September Count Day,13687.32,246.63,13933.95,13646258.04,245890.11,13892148.15,15061.6500180822,2427.25,2247.8,67.18,179.45,11439.52,1,0,1,0,0,0,0
DE,2018-2019,32,286,Red Clay Consolidated School District,Calloway (Cab) School of the Arts,1001300,1001300,8500260500000.0,100130000004,932.0,06-12,4.0,932,September Count Day,13135.56,258.12,13393.68,12242341.92,240567.84,12482909.76,14521.3800180822,2651.35,2497,103.77,154.35,10638.56,1,0,1,0,0,0,0
DE,2018-2019,32,295,Red Clay Consolidated School District,Charter School of Wilmington,1001300,1001300,8500260500000.0,100000400012,972.0,09-12,4.0,972,September Count Day,9490.68,177.65,9668.33,9224940.96,172675.8,9397616.76,10796.0300180822,1450.79,1283.15999999999,10.02,167.63,8207.52,1,0,1,0,0,0,0
DE,2018-2019,32,284,Red Clay Consolidated School District,Conrad Schools of Science,1001300,1001300,8500260500000.0,100130000270,1158.0,06-12,4.0,1158,September Count Day,12487.44,265.96,12753.4,14460455.52,307981.68,14768437.2,13881.1000180822,2325.71,2160.47,100.72,165.24,10326.97,1,0,1,0,0,0,0
DE,2018-2019,32,578,Red Clay Consolidated School District,Delaware Military Academy,1001300,1001300,8500260500000.0,100001600143,581.0,09-12,4.0,581,September Count Day,10112.15,265.42,10377.57,5875159.14999999,154209.02,6029368.17,11505.2700180822,1961.47,1836.02,139.97,125.45,8276.13,1,0,1,0,0,0,0
DE,2018-2019,32,290,Red Clay Consolidated School District,Dickinson (John) High School,1001300,1001300,8500260500000.0,100130000275,827.0,06-12,4.0,827,September Count Day,16232.48,248.55,16481.03,13424260.9599999,205550.85,13629811.8099999,17608.7300180822,3122.27,2927.93,54.21,194.34,13304.55,1,0,1,0,0,0,0
DE,2018-2019,32,292,Red Clay Consolidated School District,duPont (Alexis I.) High School,1001300,1001300,8500260500000.0,100130000276,880.0,09-12,4.0,880,September Count Day,16030.14,368.71,16398.85,14106523.2,324464.8,14430987.9999999,17526.5500180822,2865.04,2662.92,166.59,202.12,13367.22,1,0,1,0,0,0,0
DE,2018-2019,32,274,Red Clay Consolidated School District,duPont (Alexis I.) Middle School,1001300,1001300,8500260500000.0,100130000272,489.0,06-08,3.0,489,September Count Day,14388.27,1129.83,15518.1,7035864.03,552486.87,7588350.9,16645.8000180822,3216.61,2488.9,402.12,727.71,11899.3699999999,1,0,1,0,0,0,0
DE,2018-2019,32,276,Red Clay Consolidated School District,duPont (H.B.) Middle School,1001300,1001300,8500260500000.0,100130000269,779.0,06-08,3.0,779,September Count Day,14147.79,341.57,14489.36,11021128.41,266083.029999999,11287211.44,15617.0600180822,2499.7,2220.25,62.12,279.45,11927.54,1,0,1,0,0,0,0
DE,2018-2019,32,530,Red Clay Consolidated School District,First State School,1001300,1001300,8500260500000.0,100130000116,24.0,01-12,4.0,24,September Count Day,82625.61,1250.15999999999,83875.77,1983014.64,30003.8399999999,2013018.48,85003.4700180822,48785,47752.67,217.83,1032.33,34872.94,1,0,1,0,0,0,0
DE,2018-2019,32,240,Red Clay Consolidated School District,Forest Oak Elementary School,1001300,1001300,8500260500000.0,100130000265,508.0,KG-05,2.0,508,September Count Day,14519.38,672.17,15191.55,7375845.04,341462.36,7717307.39999999,16319.2500180822,3104.97,2475.84,43.04,629.13,12043.54,1,0,1,0,0,0,0
DE,2018-2019,32,242,Red Clay Consolidated School District,Heritage Elementary School,1001300,1001300,8500260500000.0,100130000262,523.0,KG-05,2.0,523,September Count Day,14588.15,236.64,14824.79,7629602.45,123762.72,7753365.17,15952.4900180822,2552.86,2355.96,39.74,196.9,12232.1899999999,1,0,1,0,0,0,0
DE,2018-2019,32,244,Red Clay Consolidated School District,Highlands Elementary School,1001300,1001300,8500260500000.0,100130000261,297.0,KG-05,2.0,297,September Count Day,14935.93,4010.37,18946.3,4435971.21,1191079.89,5627051.1,20074.0000180822,6652.7,2749.65,107.32,3903.05,12186.2799999999,1,0,1,0,0,0,0
DE,2018-2019,32,246,Red Clay Consolidated School District,Lewis (William C.) Dual Language Elementary School,1001300,1001300,8500260500000.0,100130000258,427.0,KG-05,2.0,427,September Count Day,16046.79,2089.95,18136.74,6851979.33,892408.649999999,7744387.98,19264.4400180822,4694.32,2701.04,96.67,1993.28,13345.75,1,0,1,0,0,0,0
DE,2018-2019,32,250,Red Clay Consolidated School District,Linden Hill Elementary School,1001300,1001300,8500260500000.0,100130000334,591.0,KG-05,2.0,591,September Count Day,13093.03,217.42,13310.45,7737980.73,128495.22,7866475.95,14438.1500180822,2447.14,2266.34,36.62,180.8,10826.69,1,0,1,0,0,0,0
DE,2018-2019,32,256,Red Clay Consolidated School District,Marbrook Elementary School,1001300,1001300,8500260500000.0,100130000255,419.0,KG-05,2.0,419,September Count Day,16320.5399999999,1498.22,17818.76,6838306.25999999,627754.18,7466060.43999999,18946.4600180822,4225.16,2774.34,47.4,1450.82,13546.1999999999,1,0,1,0,0,0,0
DE,2018-2019,32,294,Red Clay Consolidated School District,McKean (Thomas) High School,1001300,1001300,8500260500000.0,100130000274,848.0,09-12,4.0,848,September Count Day,17784.34,348.74,18133.08,15081120.32,295731.52,15376851.84,19260.7800180822,3413.67,3175.26,110.33,238.41,14609.08,1,0,1,0,0,0,0
DE,2018-2019,32,516,Red Clay Consolidated School District,Meadowood Program,1001300,1001300,8500260500000.0,100130000249,159.0,KG-12,4.0,159,September Count Day,98566.51,1172.09,99738.6,15672075.09,186362.31,15858437.4,100866.300018082,25338.78,24366.97,200.28,971.81,74199.54,1,0,1,0,0,0,0
DE,2018-2019,32,264,Red Clay Consolidated School District,Mote (Anna P.) Elementary School,1001300,1001300,8500260500000.0,100130000254,376.0,KG-05,2.0,376,September Count Day,17639.59,1409.11,19048.7,6632485.84,529825.36,7162311.2,20176.4000180822,4068.14,2704.87,45.84,1363.27,14934.72,1,0,1,0,0,0,0
DE,2018-2019,32,270,Red Clay Consolidated School District,North Star Elementary School,1001300,1001300,8500260500000.0,100130000179,650.0,KG-05,2.0,650,September Count Day,13214.45,215.32,13429.77,8589392.5,139958,8729350.5,14557.4700180822,2162.75,1984.03,36.6,178.72,11230.42,1,0,1,0,0,0,0
DE,2018-2019,32,529,Red Clay Consolidated School District,Red Clay Early Years Program,1001300,1001300,8500260500000.0,100130000389,,PK-PK,1.0,NRD,September Count Day,NRD,NRD,NRD,NRD,NRD,NRD,,NRD,NRD,NRD,NRD,NRD,1,0,1,0,0,1,0
DE,2018-2019,32,254,Red Clay Consolidated School District,Richardson Park Elementary School,1001300,1001300,8500260500000.0,100130000252,549.0,KG-05,2.0,549,September Count Day,15777.68,2016.84,17794.52,8661946.32,1107245.16,9769191.48,18922.2200180822,4493.72,2684.09,207.21,1809.63,13093.59,1,0,1,0,0,0,0
DE,2018-2019,32,526,Red Clay Consolidated School District,Richardson Park Learning Center,1001300,1001300,8500260500000.0,100130000248,298.0,UG-UG,0.0,298,September Count Day,42089.26,6101.8,48191.06,12542599.48,1818336.4,14360935.8799999,49318.7600180822,12370.01,10469.17,4200.96,1900.84,31620.09,1,0,1,0,0,1,0
DE,2018-2019,32,260,Red Clay Consolidated School District,Richey Elementary School,1001300,1001300,8500260500000.0,100130000315,408.0,KG-05,2.0,408,September Count Day,16212.41,847.1,17059.51,6614663.28,345616.8,6960280.07999999,18187.2100180822,3222.91,2422.7,46.89,800.21,13789.71,1,0,1,0,0,0,0
DE,2018-2019,32,248,Red Clay Consolidated School District,Shortlidge (Evan G.) Academy,1001300,1001300,8500260500000.0,100130000219,369.0,KG-02,2.0,369,September Count Day,16270.9499999999,2769.43,19040.38,6003980.55,1021919.67,7025900.22,20168.0800180822,5015.51,2754.98,508.9,2260.53,13515.97,1,0,1,0,0,0,0
DE,2018-2019,32,280,Red Clay Consolidated School District,Skyline Middle School,1001300,1001300,8500260500000.0,100130000267,613.0,06-08,3.0,613,September Count Day,17267,601.77,17868.77,10584671,368885.01,10953556.01,18996.4700180822,3319.39,2821.92,104.3,497.47,14445.08,1,0,1,0,0,0,0
DE,2018-2019,32,282,Red Clay Consolidated School District,Stanton Middle School,1001300,1001300,8500260500000.0,100130000266,734.0,06-08,3.0,734,September Count Day,14525.7699999999,690.37,15216.14,10661915.18,506731.58,11168646.76,16343.8400180822,3080.02,2488.55,98.9,591.47,12037.22,1,0,1,0,0,0,0
DE,2018-2019,32,266,Red Clay Consolidated School District,Warner Elementary School,1001300,1001300,8500260500000.0,100130000250,378.0,03-05,2.0,378,September Count Day,19724.28,3421.47,23145.75,7455777.84,1293315.66,8749093.5,24273.4500180822,6365.09,3435.3,491.68,2929.79,16288.98,1,0,1,0,0,0,0
DE,2018-2019,32,271,Red Clay Consolidated School District,William F. Cooke Jr. Elementary,1001300,1001300,8500260500000.0,100130000371,656.0,KG-05,2.0,656,September Count Day,12950.83,216.56,13167.39,8495744.48,142063.36,8637807.84,14295.0900180822,2205.77,2027.15,37.94,178.62,10923.68,1,0,1,0,0,0,0
DE,2018-2019,23,761,Seaford School District,Blades Elementary School,1001530,1001530,8500300600000.0,100153000020,423.0,KG-02,2.0,423,September Count Day,13176.1199999999,1521.54,14697.66,5573498.76,643611.42,6217110.18,15774.8572183488,3309.93,2018.33,229.94,1291.6,11157.7899999999,1,0,1,0,0,0,0
DE,2018-2019,23,762,Seaford School District,Frederick Douglass Elementary School,1001530,1001530,8500300600000.0,100153000157,476.0,03-05,2.0,476,September Count Day,12857.43,1171.79,14029.22,6120136.68,557772.04,6677908.72,15106.4172183488,3012.25,2049.14,208.68,963.11,10808.2899999999,1,0,1,0,0,0,0
DE,2018-2019,23,759,Seaford School District,Seaford Central Elementary School,1001530,1001530,8500300600000.0,100153000155,428.0,03-05,2.0,428,September Count Day,12702.49,996.03,13698.52,5436665.72,426300.839999999,5862966.56,14775.7172183488,2872.3,2090.08,213.81,782.22,10612.41,1,0,1,0,0,0,0
DE,2018-2019,23,764,Seaford School District,Seaford Middle School,1001530,1001530,8500300600000.0,100153000156,824.0,06-08,3.0,824,September Count Day,11468.61,1031.07,12499.68,9450134.64,849601.68,10299736.32,13576.8772183488,2471.23,1705.63,265.47,765.6,9762.98,1,0,1,0,0,0,0
DE,2018-2019,23,766,Seaford School District,Seaford Senior High School,1001530,1001530,8500300600000.0,100153000158,790.0,09-12,4.0,790,September Count Day,13890.9,1055.62999999999,14946.53,10973811,833947.7,11807758.7,16023.7272183488,2645.27,1973.35,383.71,671.92,11917.55,1,0,1,0,0,0,0
DE,2018-2019,23,768,Seaford School District,Sussex Orthopedic Program,1001530,1001530,8500300600000.0,100153000322,46.0,PK-12,4.0,NRD,September Count Day,NRD,NRD,NRD,NRD,NRD,NRD,,NRD,NRD,NRD,NRD,NRD,1,0,1,0,0,1,0
DE,2018-2019,23,760,Seaford School District,West Seaford Elementary School,1001530,1001530,8500300600000.0,100153000160,432.0,PK-02,2.0,432,September Count Day,11852.13,953.03,12805.16,5120120.16,411708.959999999,5531829.12,13882.3572183488,2632.43,1919.1,239.7,713.33,9933.03,1,0,1,0,0,0,0
DE,2018-2019,24,680,Smyrna School District,Clayton Elementary School,1001620,1001620,8500100400000.0,100162000302,522.0,KG-04,2.0,522,September Count Day,10808.4,645.72,11454.12,5641984.8,337065.84,5979050.64,11352.8819803198,2253.98,1683.62,75.36,570.36,9124.78,1,0,1,0,0,0,0
DE,2018-2019,24,696,Smyrna School District,Clayton Intermediate School,1001620,1001620,8500100400000.0,100162000352,515.0,05-06,2.0,515,September Count Day,10730.5299999999,241.19,10971.72,5526222.94999999,124212.85,5650435.8,10870.4819803198,1805.12,1639.57,75.64,165.55,9090.96,1,0,1,0,0,0,0
DE,2018-2019,24,686,Smyrna School District,Moore (John Bassett) School,1001620,1001620,8500100400000.0,100162000300,467.0,04-06,2.0,467,September Count Day,12455.4399999999,284.9,12740.34,5816690.47999999,133048.3,5949738.78,12639.1019803198,2136.97,1941.42,89.35,195.55,10514.0199999999,1,0,1,0,0,0,0
DE,2018-2019,24,684,Smyrna School District,North Smyrna Elementary School,1001620,1001620,8500100400000.0,100162000301,566.0,PK-03,2.0,566,September Count Day,15268.96,977.47,16246.43,8642231.36,553248.02,9195479.38,16145.1919803198,3417.85,2589.89,149.51,827.96,12679.07,1,0,1,0,0,0,0
DE,2018-2019,24,682,Smyrna School District,Smyrna Elementary School,1001620,1001620,8500100400000.0,100162000298,570.0,KG-03,2.0,570,September Count Day,11918.85,763.34,12682.19,6793744.5,435103.8,7228848.3,12580.9519803198,2593.99,1911.76,81.11,682.23,10007.09,1,0,1,0,0,0,0
DE,2018-2019,24,688,Smyrna School District,Smyrna High School,1001620,1001620,8500100400000.0,100162000299,1552.0,09-12,4.0,1552,September Count Day,12521.02,361.38,12882.4,19432623.04,560861.76,19993484.8,12781.1619803198,2391.08999999999,2187.24,157.53,203.85,10333.78,1,0,1,0,0,0,0
DE,2018-2019,24,685,Smyrna School District,Smyrna Middle School,1001620,1001620,8500100400000.0,100162000141,968.0,07-08,3.0,968,September Count Day,12358.39,379.2,12737.59,11962921.52,367065.6,12329987.12,12636.3519803198,2331.52999999999,2076.77,124.44,254.76,10281.62,1,0,1,0,0,0,0
DE,2018-2019,24,681,Smyrna School District,Sunnyside Elementary School,1001620,1001620,8500100400000.0,100162000216,531.0,KG-04,2.0,531,September Count Day,11814.66,733.59,12548.25,6273584.46,389536.29,6663120.75,12447.0119803198,2471.04,1821.7,84.25,649.34,9992.96,1,0,1,0,0,0,0
DE,2018-2019,77,576,Sussex Academy,Sussex Academy,1000011,1000011,,100001100091,795.0,06-12,4.0,795,September Count Day,11028.0399999999,245.68,11273.72,8767291.79999999,195315.6,8962607.4,11327.0440251572,3136.1,2910.85,20.43,225.25,8117.19,1,0,1,0,0,0,0
DE,2018-2019,9614,4090,Sussex Montessori School,Sussex Montessori School,1000063,1000063,,100006300387,,,0.0,NRD,September Count Day,NRD,NRD,NRD,NRD,NRD,NRD,,NRD,NRD,NRD,NRD,NRD,1,0,1,0,0,1,0
DE,2018-2019,40,770,Sussex Technical School District,Sussex Technical High School,1001680,1001680,8500353300000.0,100168000170,1240.0,09-12,4.0,1240,September Count Day,17798.23,490.72,18288.95,22069805.2,608492.8,22678298,18799.1935483871,4380.49,4109.08,219.31,271.41,13689.15,1,0,1,0,0,0,0
DE,2018-2019,35,779,Woodbridge School District,Phillis Wheatley Elementary School,1001850,1001850,8500350300000.0,100185000370,605.0,03-05,2.0,605,September Count Day,12099.38,1048.63999999999,13148.02,7320124.89999999,634427.2,7954552.1,14242.0067141726,3111.93,2400.01,336.72,711.92,9699.36999999999,1,0,1,0,0,0,0
DE,2018-2019,35,776,Woodbridge School District,Woodbridge Early Childhood Education Center,1001850,1001850,8500350300000.0,100185000193,612.0,PK-02,2.0,612,September Count Day,13907.65,1061.86,14969.51,8511481.79999999,649858.32,9161340.12,16063.4967141726,3117.68,2417.81,361.99,699.87,11489.84,1,0,1,0,0,0,0
DE,2018-2019,35,780,Woodbridge School District,Woodbridge High School,1001850,1001850,8500350300000.0,100185000194,638.0,09-12,4.0,638,September Count Day,13673.08,1224.4,14897.48,8723425.04,781167.2,9504592.24,15991.4667141726,3578.41999999999,2876.74,522.72,701.68,10796.34,1,0,1,0,0,0,0
DE,2018-2019,35,775,Woodbridge School District,Woodbridge Middle School,1001850,1001850,8500350300000.0,100185000073,671.0,06-08,3.0,671,September Count Day,11419.07,1359.03,12778.1,7662195.97,911909.13,8574105.1,13872.0867141726,3208.05,2489.25,640.23,718.8,8929.82,1,0,1,0,0,0,0
