state,year,distid_stateassigned,schoolid_stateassigned,distname,complexname,schoolname,ncesdistid_admin,ncesdistid_geo,census_id,ncesid,ncesenroll,gradespan,level,enroll_raw_HI,enrollmetric,pp_stloc_raw_HI,pp_fed_raw_HI,pp_total_raw_HI,pp_site_stloc_raw_HI,pp_site_fed_raw_HI,pp_site_raw_HI,pp_centshare_stloc_raw_HI,pp_centshare_fed_raw_HI,pp_centshare_raw_HI,schoolstloc_raw_HI,schoolfed_raw_HI,schooltot_raw_HI,pp_total_norm_NERDS,pp_fringebenefits_st_raw_HI,countenroll,noaudit,nositecen,adfinvars,distflex,flag_nerds,flag_f33
HI,2018-2019,1,200,Hawaii Department of Education,Aiea-Moanalua-Radford,Aiea Elem,1500030,1500030,12000000030000,150003000178,331.0,PK-06,2,326.0,October Count Day,16378.0,1366.0,17744.0,9334.0,587.0,9921.0,2524.0,779.0,3303.0,5339228.0,445316.0,5784544.0,17759.82667,4520,1,0,0,1,0,0,0
HI,2018-2019,1,202,Hawaii Department of Education,Aiea-Moanalua-Radford,Aiea High,1500030,1500030,12000000030000,150003000177,971.0,09-12,4,971.0,October Count Day,15125.0,1334.0,16459.0,8081.0,555.0,8636.0,2524.0,779.0,3303.0,14686375.0,1295314.0,15981689.0,16486.0266,4520,1,0,0,1,0,0,0
HI,2018-2019,1,201,Hawaii Department of Education,Aiea-Moanalua-Radford,Aiea Int,1500030,1500030,12000000030000,150003000176,602.0,07-08,3,602.0,October Count Day,15632.0,2151.0,17783.0,8588.0,1372.0,9960.0,2524.0,779.0,3303.0,9410464.0,1294902.0,10705366.0,17798.48675,4520,1,0,0,1,0,0,0
HI,2018-2019,1,203,Hawaii Department of Education,Aiea-Moanalua-Radford,Aliamanu Elem,1500030,1500030,12000000030000,150003000175,631.0,PK-06,2,614.0,October Count Day,15211.0,791.0,16002.0,8167.0,12.0,8179.0,2524.0,779.0,3303.0,9339554.0,485674.0,9825228.0,16033.00976,4520,1,0,0,1,0,0,0
HI,2018-2019,1,204,Hawaii Department of Education,Aiea-Moanalua-Radford,Aliamanu Middle,1500030,1500030,12000000030000,150003000174,749.0,07-08,3,749.0,October Count Day,14511.0,1360.0,15871.0,7467.0,581.0,8048.0,2524.0,779.0,3303.0,10868739.0,1018640.0,11887379.0,15903.15155,4520,1,0,0,1,0,0,0
HI,2018-2019,1,209,Hawaii Department of Education,Aiea-Moanalua-Radford,Hickam Elem,1500030,1500030,12000000030000,150003000170,594.0,PK-06,2,582.0,October Count Day,14115.0,1236.0,15351.0,7071.0,457.0,7528.0,2524.0,779.0,3303.0,8214930.0,719352.0,8934282.0,15387.68381,4520,1,0,0,1,0,0,0
HI,2018-2019,1,215,Hawaii Department of Education,Aiea-Moanalua-Radford,Makalapa Elem,1500030,1500030,12000000030000,150003000107,603.0,PK-06,2,582.0,October Count Day,15968.0,1624.0,17592.0,8924.0,845.0,9769.0,2524.0,779.0,3303.0,9293376.0,945168.0,10238544.0,17609.15149,4520,1,0,0,1,0,0,0
HI,2018-2019,1,217,Hawaii Department of Education,Aiea-Moanalua-Radford,Moanalua Elem,1500030,1500030,12000000030000,150003000104,647.0,PK-06,2,643.0,October Count Day,13660.0,1136.0,14796.0,6616.0,357.0,6973.0,2524.0,779.0,3303.0,8783380.0,730448.0,9513828.0,14837.52113,4520,1,0,0,1,0,0,0
HI,2018-2019,1,218,Hawaii Department of Education,Aiea-Moanalua-Radford,Moanalua High,1500030,1500030,12000000030000,150003000103,1976.0,09-12,4,1976.0,October Count Day,13692.0,1102.0,14794.0,6648.0,323.0,6971.0,2524.0,779.0,3303.0,27055392.0,2177552.0,29232944.0,14835.53856,4520,1,0,0,1,0,0,0
HI,2018-2019,1,219,Hawaii Department of Education,Aiea-Moanalua-Radford,Moanalua Middle,1500030,1500030,12000000030000,150003000156,853.0,07-08,3,853.0,October Count Day,13481.0,1108.0,14589.0,6437.0,329.0,6766.0,2524.0,779.0,3303.0,11499293.0,945124.0,12444417.0,14632.32532,4520,1,0,0,1,0,0,0
HI,2018-2019,1,220,Hawaii Department of Education,Aiea-Moanalua-Radford,Mokulele Elem,1500030,1500030,12000000030000,150003000155,285.0,PK-06,2,273.0,October Count Day,17830.0,1395.0,19225.0,10786.0,616.0,11402.0,2524.0,779.0,3303.0,4867590.0,380835.0,5248425.0,19227.91843,4520,1,0,0,1,0,0,0
HI,2018-2019,1,221,Hawaii Department of Education,Aiea-Moanalua-Radford,Nimitz Elem,1500030,1500030,12000000030000,150003000154,690.0,PK-06,2,671.0,October Count Day,14555.0,1002.0,15557.0,7511.0,223.0,7734.0,2524.0,779.0,3303.0,9766405.0,672342.0,10438747.0,15591.88834,4520,1,0,0,1,0,0,0
HI,2018-2019,1,222,Hawaii Department of Education,Aiea-Moanalua-Radford,Pearl Harbor Elem,1500030,1500030,12000000030000,150003000153,550.0,PK-06,2,525.0,October Count Day,15471.0,1586.0,17057.0,8427.0,807.0,9234.0,2524.0,779.0,3303.0,8122275.0,832650.0,8954925.0,17078.81449,4520,1,0,0,1,0,0,0
HI,2018-2019,1,223,Hawaii Department of Education,Aiea-Moanalua-Radford,Pearl Harbor Kai Elem,1500030,1500030,12000000030000,150003000152,428.0,PK-06,2,412.0,October Count Day,16334.0,996.0,17330.0,9290.0,217.0,9507.0,2524.0,779.0,3303.0,6729608.0,410352.0,7139960.0,17349.43505,4520,1,0,0,1,0,0,0
HI,2018-2019,1,243,Hawaii Department of Education,Aiea-Moanalua-Radford,Pearl Ridge Elem,1500030,1500030,12000000030000,150003000151,527.0,PK-06,2,518.0,October Count Day,14041.0,904.0,14945.0,6997.0,125.0,7122.0,2524.0,779.0,3303.0,7273238.0,468272.0,7741510.0,14985.22246,4520,1,0,0,1,0,0,0
HI,2018-2019,1,224,Hawaii Department of Education,Aiea-Moanalua-Radford,Radford High,1500030,1500030,12000000030000,150003000150,1244.0,09-12,4,1244.0,October Count Day,14441.0,1008.0,15449.0,7397.0,229.0,7626.0,2524.0,779.0,3303.0,17964604.0,1253952.0,19218556.0,15484.82965,4520,1,0,0,1,0,0,0
HI,2018-2019,1,225,Hawaii Department of Education,Aiea-Moanalua-Radford,Red Hill Elem,1500030,1500030,12000000030000,150003000149,474.0,PK-06,2,466.0,October Count Day,14354.0,1179.0,15533.0,7310.0,400.0,7710.0,2524.0,779.0,3303.0,6688964.0,549414.0,7238378.0,15568.09752,4520,1,0,0,1,0,0,0
HI,2018-2019,1,239,Hawaii Department of Education,Aiea-Moanalua-Radford,Salt Lake Elem,1500030,1500030,12000000030000,150003000148,738.0,PK-06,2,726.0,October Count Day,14051.0,990.0,15041.0,7007.0,211.0,7218.0,2524.0,779.0,3303.0,10201026.0,718740.0,10919766.0,15080.38574,4520,1,0,0,1,0,0,0
HI,2018-2019,1,227,Hawaii Department of Education,Aiea-Moanalua-Radford,Scott Elem,1500030,1500030,12000000030000,150003000147,471.0,PK-06,2,463.0,October Count Day,14791.0,1183.0,15974.0,7747.0,404.0,8151.0,2524.0,779.0,3303.0,6848233.0,547729.0,7395962.0,16005.25381,4520,1,0,0,1,0,0,0
HI,2018-2019,1,228,Hawaii Department of Education,Aiea-Moanalua-Radford,Shafter Elem,1500030,1500030,12000000030000,150003000146,423.0,PK-06,2,411.0,October Count Day,15503.0,787.0,16290.0,8459.0,8.0,8467.0,2524.0,779.0,3303.0,6371733.0,323457.0,6695190.0,16318.49959,4520,1,0,0,1,0,0,0
HI,2018-2019,1,233,Hawaii Department of Education,Aiea-Moanalua-Radford,Waimalu Elem,1500030,1500030,12000000030000,150003000140,417.0,PK-06,2,401.0,October Count Day,16757.0,1613.0,18370.0,9713.0,834.0,10547.0,2524.0,779.0,3303.0,6719557.0,646813.0,7366370.0,18380.37052,4520,1,0,0,1,0,0,0
HI,2018-2019,1,235,Hawaii Department of Education,Aiea-Moanalua-Radford,Webling Elem,1500030,1500030,12000000030000,150003000139,423.0,PK-06,2,415.0,October Count Day,14751.0,848.0,15599.0,7707.0,69.0,7776.0,2524.0,779.0,3303.0,6121665.0,351920.0,6473585.0,15633.52227,4520,1,0,0,1,0,0,0
HI,2018-2019,1,400,Hawaii Department of Education,Baldwin-Kekaulike-Maui,Baldwin High,1500030,1500030,12000000030000,150003000056,1322.0,09-12,4,1322.0,October Count Day,14370.0,935.0,15305.0,7326.0,156.0,7482.0,2524.0,779.0,3303.0,18997140.0,1236070.0,20233210.0,15342.08474,4520,1,0,0,1,0,0,0
HI,2018-2019,1,401,Hawaii Department of Education,Baldwin-Kekaulike-Maui,Haiku Elem,1500030,1500030,12000000030000,150003000057,456.0,PK-05,2,452.0,October Count Day,14505.0,1511.0,16016.0,7461.0,732.0,8193.0,2524.0,779.0,3303.0,6556260.0,682972.0,7239232.0,16046.88774,4520,1,0,0,1,0,0,0
HI,2018-2019,1,404,Hawaii Department of Education,Baldwin-Kekaulike-Maui,Iao Int,1500030,1500030,12000000030000,150003000059,987.0,06-08,3,987.0,October Count Day,13598.0,1557.0,15155.0,6554.0,778.0,7332.0,2524.0,779.0,3303.0,13421226.0,1536759.0,14957985.0,15193.39213,4520,1,0,0,1,0,0,0
HI,2018-2019,1,405,Hawaii Department of Education,Baldwin-Kekaulike-Maui,Kahului Elem,1500030,1500030,12000000030000,150003000060,1003.0,PK-05,2,989.0,October Count Day,13566.0,1257.0,14823.0,6522.0,478.0,7000.0,2524.0,779.0,3303.0,13416774.0,1243173.0,14659947.0,14864.2858,4520,1,0,0,1,0,0,0
HI,2018-2019,1,420,Hawaii Department of Education,Baldwin-Kekaulike-Maui,Kalama Int,1500030,1500030,12000000030000,150003000233,900.0,06-08,3,900.0,October Count Day,14841.0,1695.0,16536.0,7797.0,916.0,8713.0,2524.0,779.0,3303.0,13356900.0,1525500.0,14882400.0,16562.35548,4520,1,0,0,1,0,0,0
HI,2018-2019,1,431,Hawaii Department of Education,Baldwin-Kekaulike-Maui,Kamalii Elem,1500030,1500030,12000000030000,150003000253,485.0,PK-05,2,472.0,October Count Day,14929.0,1165.0,16094.0,7885.0,386.0,8271.0,2524.0,779.0,3303.0,7046488.0,549880.0,7596368.0,16124.2079,4520,1,0,0,1,0,0,0
HI,2018-2019,1,435,Hawaii Department of Education,Baldwin-Kekaulike-Maui,Kekaulike High,1500030,1500030,12000000030000,150003000251,1097.0,09-12,4,1097.0,October Count Day,14774.0,1005.0,15779.0,7730.0,226.0,7956.0,2524.0,779.0,3303.0,16207078.0,1102485.0,17309563.0,15811.95341,4520,1,0,0,1,0,0,0
HI,2018-2019,1,409,Hawaii Department of Education,Baldwin-Kekaulike-Maui,Kihei Elem,1500030,1500030,12000000030000,150003000064,704.0,PK-05,2,690.0,October Count Day,14664.0,1485.0,16149.0,7620.0,706.0,8326.0,2524.0,779.0,3303.0,10118160.0,1024650.0,11142810.0,16178.72853,4520,1,0,0,1,0,0,0
HI,2018-2019,1,412,Hawaii Department of Education,Baldwin-Kekaulike-Maui,Kula Elem,1500030,1500030,12000000030000,150003000067,451.0,PK-05,2,451.0,October Count Day,14799.0,1087.0,15886.0,7755.0,308.0,8063.0,2524.0,779.0,3303.0,6674349.0,490237.0,7164586.0,15918.02081,4520,1,0,0,1,0,0,0
HI,2018-2019,1,416,Hawaii Department of Education,Baldwin-Kekaulike-Maui,Lihikai Elem,1500030,1500030,12000000030000,150003000071,871.0,PK-05,2,855.0,October Count Day,14632.0,1580.0,16212.0,7588.0,801.0,8389.0,2524.0,779.0,3303.0,12510360.0,1350900.0,13861260.0,16241.17943,4520,1,0,0,1,0,0,0
HI,2018-2019,1,430,Hawaii Department of Education,Baldwin-Kekaulike-Maui,Lokelani Int,1500030,1500030,12000000030000,150003000238,551.0,06-08,3,551.0,October Count Day,14944.0,1486.0,16430.0,7900.0,707.0,8607.0,2524.0,779.0,3303.0,8234144.0,818786.0,9052930.0,16457.27936,4520,1,0,0,1,0,0,0
HI,2018-2019,1,417,Hawaii Department of Education,Baldwin-Kekaulike-Maui,Makawao Elem,1500030,1500030,12000000030000,150003000072,562.0,PK-05,2,551.0,October Count Day,15398.0,1607.0,17005.0,8354.0,828.0,9182.0,2524.0,779.0,3303.0,8484298.0,885457.0,9369755.0,17027.26772,4520,1,0,0,1,0,0,0
HI,2018-2019,1,418,Hawaii Department of Education,Baldwin-Kekaulike-Maui,Maui High,1500030,1500030,12000000030000,150003000073,2017.0,09-12,4,2017.0,October Count Day,13822.0,984.0,14806.0,6778.0,205.0,6983.0,2524.0,779.0,3303.0,27878974.0,1984728.0,29863702.0,14847.43397,4520,1,0,0,1,0,0,0
HI,2018-2019,1,428,Hawaii Department of Education,Baldwin-Kekaulike-Maui,Maui Waena Int,1500030,1500030,12000000030000,150003000241,1155.0,06-08,3,1155.0,October Count Day,13855.0,1549.0,15404.0,6811.0,770.0,7581.0,2524.0,779.0,3303.0,16002525.0,1789095.0,17791620.0,15440.22187,4520,1,0,0,1,0,0,0
HI,2018-2019,1,422,Hawaii Department of Education,Baldwin-Kekaulike-Maui,Paia Elem,1500030,1500030,12000000030000,150003000076,440.0,PK-05,2,432.0,October Count Day,13403.0,1314.0,14717.0,6359.0,535.0,6894.0,2524.0,779.0,3303.0,5790096.0,567648.0,6357744.0,14759.20969,4520,1,0,0,1,0,0,0
HI,2018-2019,1,433,Hawaii Department of Education,Baldwin-Kekaulike-Maui,Pomaikai Elem,1500030,1500030,12000000030000,150003000292,606.0,PK-05,2,599.0,October Count Day,14385.0,1504.0,15889.0,7341.0,725.0,8066.0,2524.0,779.0,3303.0,8616615.0,900896.0,9517511.0,15920.99466,4520,1,0,0,1,0,0,0
HI,2018-2019,1,426,Hawaii Department of Education,Baldwin-Kekaulike-Maui,Pukalani Elem,1500030,1500030,12000000030000,150003000077,405.0,PK-05,2,392.0,October Count Day,15320.0,1640.0,16960.0,8276.0,861.0,9137.0,2524.0,779.0,3303.0,6005440.0,642880.0,6648320.0,16982.65994,4520,1,0,0,1,0,0,0
HI,2018-2019,1,436,Hawaii Department of Education,Baldwin-Kekaulike-Maui,Puu Kukui Elem,1500030,1500030,12000000030000,150003000297,774.0,PK-05,2,764.0,October Count Day,13547.0,805.0,14352.0,6503.0,26.0,6529.0,2524.0,779.0,3303.0,10349908.0,615020.0,10964928.0,14397.39099,4520,1,0,0,1,0,0,0
HI,2018-2019,1,424,Hawaii Department of Education,Baldwin-Kekaulike-Maui,Waihee Elem,1500030,1500030,12000000030000,150003000079,617.0,PK-05,2,604.0,October Count Day,15239.0,1497.0,16736.0,8195.0,718.0,8913.0,2524.0,779.0,3303.0,9204356.0,904188.0,10108544.0,16760.6123,4520,1,0,0,1,0,0,0
HI,2018-2019,1,425,Hawaii Department of Education,Baldwin-Kekaulike-Maui,Wailuku Elem,1500030,1500030,12000000030000,150003000080,696.0,PK-05,2,682.0,October Count Day,15522.0,1443.0,16965.0,8478.0,664.0,9142.0,2524.0,779.0,3303.0,10586004.0,984126.0,11570130.0,16987.61636,4520,1,0,0,1,0,0,0
HI,2018-2019,1,251,Hawaii Department of Education,Campbell-Kapolei,Barbers Point Elem,1500030,1500030,12000000030000,150003000135,540.0,PK-05,2,518.0,October Count Day,14680.0,1843.0,16523.0,7636.0,1064.0,8700.0,2524.0,779.0,3303.0,7604240.0,954674.0,8558914.0,16549.46878,4520,1,0,0,1,0,0,0
HI,2018-2019,1,252,Hawaii Department of Education,Campbell-Kapolei,Campbell High,1500030,1500030,12000000030000,150003000134,3095.0,09-12,4,3095.0,October Count Day,13754.0,1281.0,15035.0,6710.0,502.0,7212.0,2524.0,779.0,3303.0,42568630.0,3964695.0,46533325.0,15074.43803,4520,1,0,0,1,0,0,0
HI,2018-2019,1,254,Hawaii Department of Education,Campbell-Kapolei,Ewa Beach Elem,1500030,1500030,12000000030000,150003000132,821.0,PK-06,2,808.0,October Count Day,14028.0,1284.0,15312.0,6984.0,505.0,7489.0,2524.0,779.0,3303.0,11334624.0,1037472.0,12372096.0,15349.02373,4520,1,0,0,1,0,0,0
HI,2018-2019,1,253,Hawaii Department of Education,Campbell-Kapolei,Ewa Elem,1500030,1500030,12000000030000,150003000133,1086.0,PK-06,2,1067.0,October Count Day,13881.0,1351.0,15232.0,6837.0,572.0,7409.0,2524.0,779.0,3303.0,14811027.0,1441517.0,16252544.0,15269.721,4520,1,0,0,1,0,0,0
HI,2018-2019,1,296,Hawaii Department of Education,Campbell-Kapolei,Ewa Makai Middle,1500030,1500030,12000000030000,150003000296,869.0,06-08,3,869.0,October Count Day,13920.0,1405.0,15325.0,6876.0,626.0,7502.0,2524.0,779.0,3303.0,12096480.0,1220945.0,13317425.0,15361.91042,4520,1,0,0,1,0,0,0
HI,2018-2019,1,280,Hawaii Department of Education,Campbell-Kapolei,Holomua Elem,1500030,1500030,12000000030000,150003000248,1150.0,PK-06,2,1137.0,October Count Day,14995.0,1141.0,16136.0,7951.0,362.0,8313.0,2524.0,779.0,3303.0,17049315.0,1297317.0,18346632.0,16165.84183,4520,1,0,0,1,0,0,0
HI,2018-2019,1,293,Hawaii Department of Education,Campbell-Kapolei,Hookele Elem,1500030,1500030,12000000030000,150003000300,873.0,PK-05,2,861.0,October Count Day,13277.0,1130.0,14407.0,6233.0,351.0,6584.0,2524.0,779.0,3303.0,11431497.0,972930.0,12404427.0,14451.91162,4520,1,0,0,1,0,0,0
HI,2018-2019,1,279,Hawaii Department of Education,Campbell-Kapolei,Ilima Int,1500030,1500030,12000000030000,150003000129,875.0,07-08,3,875.0,October Count Day,13257.0,1293.0,14550.0,6213.0,514.0,6727.0,2524.0,779.0,3303.0,11599875.0,1131375.0,12731250.0,14593.66524,4520,1,0,0,1,0,0,0
HI,2018-2019,1,256,Hawaii Department of Education,Campbell-Kapolei,Iroquois Point Elem,1500030,1500030,12000000030000,150003000128,701.0,PK-06,2,690.0,October Count Day,15215.0,1220.0,16435.0,8171.0,441.0,8612.0,2524.0,779.0,3303.0,10498350.0,841800.0,11340150.0,16462.23578,4520,1,0,0,1,0,0,0
HI,2018-2019,1,281,Hawaii Department of Education,Campbell-Kapolei,Kaimiloa Elem,1500030,1500030,12000000030000,150003000127,647.0,PK-06,2,633.0,October Count Day,14581.0,1353.0,15934.0,7537.0,574.0,8111.0,2524.0,779.0,3303.0,9229773.0,856449.0,10086222.0,15965.60244,4520,1,0,0,1,0,0,0
HI,2018-2019,1,282,Hawaii Department of Education,Campbell-Kapolei,Kapolei Elem,1500030,1500030,12000000030000,150003000166,828.0,PK-05,2,818.0,October Count Day,15247.0,1376.0,16623.0,8203.0,597.0,8800.0,2524.0,779.0,3303.0,12472046.0,1125568.0,13597614.0,16648.59719,4520,1,0,0,1,0,0,0
HI,2018-2019,1,292,Hawaii Department of Education,Campbell-Kapolei,Kapolei High,1500030,1500030,12000000030000,150003000261,1996.0,09-12,4,1996.0,October Count Day,13925.0,1071.0,14996.0,6881.0,292.0,7173.0,2524.0,779.0,3303.0,27794300.0,2137716.0,29932016.0,15035.77795,4520,1,0,0,1,0,0,0
HI,2018-2019,1,291,Hawaii Department of Education,Campbell-Kapolei,Kapolei Middle,1500030,1500030,12000000030000,150003000259,1526.0,06-08,3,1526.0,October Count Day,14143.0,962.0,15105.0,7099.0,183.0,7282.0,2524.0,779.0,3303.0,21582218.0,1468012.0,23050230.0,15143.82792,4520,1,0,0,1,0,0,0
HI,2018-2019,1,294,Hawaii Department of Education,Campbell-Kapolei,Keoneula Elem,1500030,1500030,12000000030000,150003000291,1082.0,PK-06,2,1072.0,October Count Day,13089.0,1021.0,14110.0,6045.0,242.0,6287.0,2524.0,779.0,3303.0,14031408.0,1094512.0,15125920.0,14157.50024,4520,1,0,0,1,0,0,0
HI,2018-2019,1,259,Hawaii Department of Education,Campbell-Kapolei,Makakilo Elem,1500030,1500030,12000000030000,150003000123,493.0,PK-05,2,485.0,October Count Day,14784.0,936.0,15720.0,7740.0,157.0,7897.0,2524.0,779.0,3303.0,7170240.0,453960.0,7624200.0,15753.46765,4520,1,0,0,1,0,0,0
HI,2018-2019,1,286,Hawaii Department of Education,Campbell-Kapolei,Mauka Lani Elem,1500030,1500030,12000000030000,150003000121,623.0,PK-05,2,608.0,October Count Day,14962.0,1002.0,15964.0,7918.0,223.0,8141.0,2524.0,779.0,3303.0,9096896.0,609216.0,9706112.0,15995.34097,4520,1,0,0,1,0,0,0
HI,2018-2019,1,269,Hawaii Department of Education,Campbell-Kapolei,Pohakea Elem,1500030,1500030,12000000030000,150003000112,493.0,PK-06,2,489.0,October Count Day,13716.0,1107.0,14823.0,6672.0,328.0,7000.0,2524.0,779.0,3303.0,6707124.0,541323.0,7248447.0,14864.2858,4520,1,0,0,1,0,0,0
HI,2018-2019,1,335,Hawaii Department of Education,Castle-Kahuku,Ahuimanu Elem,1500030,1500030,12000000030000,150003000157,315.0,PK-06,2,314.0,October Count Day,14995.0,805.0,15800.0,7951.0,26.0,7977.0,2524.0,779.0,3303.0,4708430.0,252770.0,4961200.0,15832.77037,4520,1,0,0,1,0,0,0
HI,2018-2019,1,301,Hawaii Department of Education,Castle-Kahuku,Castle High,1500030,1500030,12000000030000,150003000100,1129.0,09-12,4,1129.0,October Count Day,15220.0,1302.0,16522.0,8176.0,523.0,8699.0,2524.0,779.0,3303.0,17183380.0,1469958.0,18653338.0,16548.4775,4520,1,0,0,1,0,0,0
HI,2018-2019,1,303,Hawaii Department of Education,Castle-Kahuku,Hauula Elem,1500030,1500030,12000000030000,150003000002,350.0,PK-06,2,341.0,October Count Day,17332.0,1968.0,19300.0,10288.0,1189.0,11477.0,2524.0,779.0,3303.0,5910212.0,671088.0,6581300.0,19302.26474,4520,1,0,0,1,0,0,0
HI,2018-2019,1,304,Hawaii Department of Education,Castle-Kahuku,Heeia Elem,1500030,1500030,12000000030000,150003000003,437.0,PK-06,2,424.0,October Count Day,16110.0,1529.0,17639.0,9066.0,750.0,9816.0,2524.0,779.0,3303.0,6830640.0,648296.0,7478936.0,17655.74184,4520,1,0,0,1,0,0,0
HI,2018-2019,1,305,Hawaii Department of Education,Castle-Kahuku,Kaaawa Elem,1500030,1500030,12000000030000,150003000004,132.0,PK-06,2,132.0,October Count Day,16082.0,1168.0,17250.0,9038.0,389.0,9427.0,2524.0,779.0,3303.0,2122824.0,154176.0,2277000.0,17270.13233,4520,1,0,0,1,0,0,0
HI,2018-2019,1,306,Hawaii Department of Education,Castle-Kahuku,Kahaluu Elem,1500030,1500030,12000000030000,150003000006,276.0,PK-06,2,267.0,October Count Day,17522.0,1518.0,19040.0,10478.0,739.0,11217.0,2524.0,779.0,3303.0,4678374.0,405306.0,5083680.0,19044.53087,4520,1,0,0,1,0,0,0
HI,2018-2019,1,331,Hawaii Department of Education,Castle-Kahuku,Kahuku Elem,1500030,1500030,12000000030000,150003000236,430.0,PK-06,2,424.0,October Count Day,14715.0,1255.0,15970.0,7671.0,476.0,8147.0,2524.0,779.0,3303.0,6239160.0,532120.0,6771280.0,16001.28867,4520,1,0,0,1,0,0,0
HI,2018-2019,1,307,Hawaii Department of Education,Castle-Kahuku,Kahuku High & Int,1500030,1500030,12000000030000,150003000007,1381.0,07-12,4,1381.0,October Count Day,15168.0,1454.0,16622.0,8124.0,675.0,8799.0,2524.0,779.0,3303.0,20947008.0,2007974.0,22954982.0,16647.60591,4520,1,0,0,1,0,0,0
HI,2018-2019,1,313,Hawaii Department of Education,Castle-Kahuku,Kaneohe Elem,1500030,1500030,12000000030000,150003000013,635.0,PK-06,2,631.0,October Count Day,14407.0,1105.0,15512.0,7363.0,326.0,7689.0,2524.0,779.0,3303.0,9090817.0,697255.0,9788072.0,15547.28055,4520,1,0,0,1,0,0,0
HI,2018-2019,1,315,Hawaii Department of Education,Castle-Kahuku,Kapunahala Elem,1500030,1500030,12000000030000,150003000014,538.0,PK-06,2,531.0,October Count Day,14809.0,1189.0,15998.0,7765.0,410.0,8175.0,2524.0,779.0,3303.0,7863579.0,631359.0,8494938.0,16029.04463,4520,1,0,0,1,0,0,0
HI,2018-2019,1,318,Hawaii Department of Education,Castle-Kahuku,King Int,1500030,1500030,12000000030000,150003000016,641.0,07-08,3,641.0,October Count Day,15041.0,1556.0,16597.0,7997.0,777.0,8774.0,2524.0,779.0,3303.0,9641281.0,997396.0,10638677.0,16622.82381,4520,1,0,0,1,0,0,0
HI,2018-2019,1,319,Hawaii Department of Education,Castle-Kahuku,Laie Elem,1500030,1500030,12000000030000,150003000017,651.0,PK-06,2,633.0,October Count Day,14265.0,1156.0,15421.0,7221.0,377.0,7598.0,2524.0,779.0,3303.0,9029745.0,731748.0,9761493.0,15457.0737,4520,1,0,0,1,0,0,0
HI,2018-2019,1,323,Hawaii Department of Education,Castle-Kahuku,Parker Elem,1500030,1500030,12000000030000,150003000021,327.0,PK-06,2,314.0,October Count Day,18609.0,1624.0,20233.0,11565.0,845.0,12410.0,2524.0,779.0,3303.0,5843226.0,509936.0,6353162.0,20227.13281,4520,1,0,0,1,0,0,0
HI,2018-2019,1,314,Hawaii Department of Education,Castle-Kahuku,Puohala Elem,1500030,1500030,12000000030000,150003000023,257.0,PK-08,3,247.0,October Count Day,16230.0,1911.0,18141.0,9186.0,1132.0,10318.0,2524.0,779.0,3303.0,4008810.0,472017.0,4480827.0,18153.36646,4520,1,0,0,1,0,0,0
HI,2018-2019,1,325,Hawaii Department of Education,Castle-Kahuku,Sunset Beach Elem,1500030,1500030,12000000030000,150003000024,402.0,PK-06,2,396.0,October Count Day,14385.0,870.0,15255.0,7341.0,91.0,7432.0,2524.0,779.0,3303.0,5696460.0,344520.0,6040980.0,15292.52054,4520,1,0,0,1,0,0,0
HI,2018-2019,1,326,Hawaii Department of Education,Castle-Kahuku,Waiahole Elem,1500030,1500030,12000000030000,150003000025,71.0,PK-06,2,67.0,October Count Day,28365.0,4222.0,32587.0,21321.0,3443.0,24764.0,2524.0,779.0,3303.0,1900455.0,282874.0,2183329.0,32473.45665,4520,1,0,0,1,0,0,0
HI,2018-2019,1,558,Hawaii Department of Education,Charter,Alakai O Kauai,1500030,1500030,12000000030000,150003000304,123.0,KG-06,2,123.0,October Count Day,12899.0,479.0,13378.0,8236.0,268.0,8504.0,143.0,211.0,354.0,1586577.0,58917.0,1645494.0,13431.88027,4520,1,0,0,1,0,0,0
HI,2018-2019,1,396,Hawaii Department of Education,Charter,Connections NCPCS,1500030,1500030,12000000030000,150003000262,335.0,KG-12,4,335.0,October Count Day,13089.0,1747.0,14836.0,8426.0,1536.0,9962.0,143.0,211.0,354.0,4384815.0,585245.0,4970060.0,14877.1725,4520,1,0,0,1,0,0,0
HI,2018-2019,1,568,Hawaii Department of Education,Charter,DreamHouse Ewa Beach,1500030,1500030,12000000030000,150003000305,,06-06,2,,October Count Day,,,,,,,,,,,,,,4520,1,0,0,1,0,0,0
HI,2018-2019,1,546,Hawaii Department of Education,Charter,Hakipuu Learning Center PCS,1500030,1500030,12000000030000,150003000275,54.0,04-12,4,54.0,October Count Day,13396.0,3067.0,16463.0,8733.0,2856.0,11589.0,143.0,211.0,354.0,723384.0,165618.0,889002.0,16489.99174,4520,1,0,0,1,0,0,0
HI,2018-2019,1,540,Hawaii Department of Education,Charter,Halau Ku Mana,1500030,1500030,12000000030000,150003000270,140.0,04-12,4,140.0,October Count Day,13364.0,647.0,14011.0,8701.0,436.0,9137.0,143.0,211.0,354.0,1870960.0,90580.0,1961540.0,14059.36311,4520,1,0,0,1,0,0,0
HI,2018-2019,1,561,Hawaii Department of Education,Charter,Hawaii Academy of Arts and Science PCS,1500030,1500030,12000000030000,150003000282,644.0,KG-12,4,644.0,October Count Day,12966.0,1209.0,14175.0,8303.0,998.0,9301.0,143.0,211.0,354.0,8350104.0,778596.0,9128700.0,14221.9337,4520,1,0,0,1,0,0,0
HI,2018-2019,1,551,Hawaii Department of Education,Charter,Hawaii Technology Academy PCS,1500030,1500030,12000000030000,150003000295,1197.0,KG-12,4,1197.0,October Count Day,12496.0,1029.0,13525.0,7833.0,818.0,8651.0,143.0,211.0,354.0,14957712.0,1231713.0,16189425.0,13577.59903,4520,1,0,0,1,0,0,0
HI,2018-2019,1,548,Hawaii Department of Education,Charter,Innovations PCS,1500030,1500030,12000000030000,150003000277,240.0,KG-08,3,240.0,October Count Day,12404.0,951.0,13355.0,7741.0,740.0,8481.0,143.0,211.0,354.0,2976960.0,228240.0,3205200.0,13409.08074,4520,1,0,0,1,0,0,0
HI,2018-2019,1,562,Hawaii Department of Education,Charter,Ka Umeke Kaeo PCS,1500030,1500030,12000000030000,150003000283,207.0,PK-11,4,207.0,October Count Day,13788.0,9187.0,22975.0,9125.0,8976.0,18101.0,143.0,211.0,354.0,2854116.0,1901709.0,4755825.0,22945.23383,4520,1,0,0,1,0,0,0
HI,2018-2019,1,545,Hawaii Department of Education,Charter,Ka Waihona o ka Naauao PCS,1500030,1500030,12000000030000,150003000286,738.0,KG-08,3,738.0,October Count Day,12829.0,771.0,13600.0,8166.0,560.0,8726.0,143.0,211.0,354.0,9467802.0,568998.0,10036800.0,13651.94534,4520,1,0,0,1,0,0,0
HI,2018-2019,1,275,Hawaii Department of Education,Charter,Kamaile Academy PCS,1500030,1500030,12000000030000,150003000240,844.0,PK-12,4,839.0,October Count Day,12958.0,3282.0,16240.0,8295.0,3071.0,11366.0,143.0,211.0,354.0,10871762.0,2753598.0,13625360.0,16268.93538,4520,1,0,0,1,0,0,0
HI,2018-2019,1,553,Hawaii Department of Education,Charter,Kamalani Academy,1500030,1500030,12000000030000,150003000303,297.0,PK-08,3,297.0,October Count Day,10913.0,1819.0,12732.0,6250.0,1608.0,7858.0,143.0,211.0,354.0,3241161.0,540243.0,3781404.0,12791.51074,4520,1,0,0,1,0,0,0
HI,2018-2019,1,466,Hawaii Department of Education,Charter,Kanaka PCS,1500030,1500030,12000000030000,150003000269,50.0,PK-12,4,50.0,October Count Day,13232.0,2778.0,16010.0,8569.0,2567.0,2567.0,143.0,211.0,354.0,661600.0,138900.0,800500.0,16040.94004,4520,1,0,0,1,0,0,0
HI,2018-2019,1,397,Hawaii Department of Education,Charter,Kanu O Ka Aina PCS,1500030,1500030,12000000030000,150003000263,548.0,KG-12,4,548.0,October Count Day,13583.0,634.0,14217.0,8920.0,423.0,9343.0,143.0,211.0,354.0,7443484.0,347432.0,7790916.0,14263.56764,4520,1,0,0,1,0,0,0
HI,2018-2019,1,564,Hawaii Department of Education,Charter,Kanuikapono,1500030,1500030,12000000030000,150003000289,187.0,KG-12,4,187.0,October Count Day,13341.0,2653.0,15994.0,8678.0,2442.0,11120.0,143.0,211.0,354.0,2494767.0,496111.0,2990878.0,16025.07949,4520,1,0,0,1,0,0,0
HI,2018-2019,1,320,Hawaii Department of Education,Charter,Kaohao PCS,1500030,1500030,12000000030000,150003000018,341.0,PK-06,2,341.0,October Count Day,12505.0,288.0,12793.0,7842.0,77.0,7919.0,143.0,211.0,354.0,4264205.0,98208.0,4362413.0,12851.97907,4520,1,0,0,1,0,0,0
HI,2018-2019,1,555,Hawaii Department of Education,Charter,Kapolei Charter School,1500030,1500030,12000000030000,150003000302,89.0,09-11,4,89.0,October Count Day,12111.0,867.0,12978.0,7448.0,656.0,8104.0,143.0,211.0,354.0,1077879.0,77163.0,1155042.0,13035.36663,4520,1,0,0,1,0,0,0
HI,2018-2019,1,565,Hawaii Department of Education,Charter,Kawaikini NCPCS,1500030,1500030,12000000030000,150003000294,155.0,KG-12,4,155.0,October Count Day,12640.0,1156.0,13796.0,7977.0,945.0,8922.0,143.0,211.0,354.0,1959200.0,179180.0,2138380.0,13846.23703,4520,1,0,0,1,0,0,0
HI,2018-2019,1,549,Hawaii Department of Education,Charter,Ke Ana Laahana PCS,1500030,1500030,12000000030000,150003000278,38.0,07-12,4,38.0,October Count Day,13977.0,4115.0,18092.0,9314.0,3904.0,13218.0,143.0,211.0,354.0,531126.0,156370.0,687496.0,18104.79354,4520,1,0,0,1,0,0,0
HI,2018-2019,1,563,Hawaii Department of Education,Charter,Ke Kula Nawahiokalaniopuu Iki Lab PCS,1500030,1500030,12000000030000,150003000284,450.0,PK-08,3,450.0,October Count Day,12838.0,3474.0,16312.0,8175.0,3263.0,11438.0,143.0,211.0,354.0,5777100.0,1563300.0,7340400.0,16340.30784,4520,1,0,0,1,0,0,0
HI,2018-2019,1,547,Hawaii Department of Education,Charter,Ke Kula O Kamakau Lab PCS,1500030,1500030,12000000030000,150003000276,120.0,PK-12,4,119.0,October Count Day,13488.0,6107.0,19595.0,8825.0,5896.0,14721.0,143.0,211.0,354.0,1605072.0,726733.0,2331805.0,19594.69355,4520,1,0,0,1,0,0,0
HI,2018-2019,1,556,Hawaii Department of Education,Charter,Ke Kula O Niihau Kekaha LPCS,1500030,1500030,12000000030000,150003000280,52.0,PK-12,4,52.0,October Count Day,11735.0,8144.0,19879.0,7072.0,7933.0,15005.0,143.0,211.0,354.0,610220.0,423488.0,1033708.0,19876.21824,4520,1,0,0,1,0,0,0
HI,2018-2019,1,554,Hawaii Department of Education,Charter,Kihei Charter School,1500030,1500030,12000000030000,150003000279,652.0,KG-12,4,652.0,October Count Day,12279.0,345.0,12624.0,7616.0,134.0,7750.0,143.0,211.0,354.0,8005908.0,224940.0,8230848.0,12684.45206,4520,1,0,0,1,0,0,0
HI,2018-2019,1,566,Hawaii Department of Education,Charter,Kona Pacific PCS,1500030,1500030,12000000030000,150003000293,218.0,KG-08,3,218.0,October Count Day,12703.0,1357.0,14060.0,8040.0,1146.0,9186.0,143.0,211.0,354.0,2769254.0,295826.0,3065080.0,14107.93603,4520,1,0,0,1,0,0,0
HI,2018-2019,1,557,Hawaii Department of Education,Charter,Kua O Ka La PCS,1500030,1500030,12000000030000,150003000288,185.0,PK-12,4,185.0,October Count Day,15535.0,6696.0,22231.0,10872.0,6485.0,17357.0,143.0,211.0,354.0,2873975.0,1238760.0,4112735.0,22207.71845,4520,1,0,0,1,0,0,0
HI,2018-2019,1,411,Hawaii Department of Education,Charter,Kualapuu PCCS,1500030,1500030,12000000030000,150003000066,315.0,PK-06,2,315.0,October Count Day,12790.0,2401.0,15191.0,8127.0,2190.0,2190.0,143.0,211.0,354.0,4028850.0,756315.0,4785165.0,15229.07835,4520,1,0,0,1,0,0,0
HI,2018-2019,1,377,Hawaii Department of Education,Charter,Laupahoehoe Community PCS,1500030,1500030,12000000030000,150003000046,368.0,PK-12,4,359.0,October Count Day,12515.0,2828.0,15343.0,7852.0,2617.0,10469.0,143.0,211.0,354.0,4492885.0,1015252.0,5508137.0,15379.75354,4520,1,0,0,1,0,0,0
HI,2018-2019,1,550,Hawaii Department of Education,Charter,Malama Honua,1500030,1500030,12000000030000,150003000299,126.0,KG-07,3,126.0,October Count Day,12489.0,1139.0,13628.0,7826.0,928.0,8754.0,143.0,211.0,354.0,1573614.0,143514.0,1717128.0,13679.7013,4520,1,0,0,1,0,0,0
HI,2018-2019,1,544,Hawaii Department of Education,Charter,Myron Thompson Academy NCPCS,1500030,1500030,12000000030000,150003000274,568.0,KG-12,4,568.0,October Count Day,12200.0,299.0,12499.0,7537.0,88.0,7625.0,143.0,211.0,354.0,6929600.0,169832.0,7099432.0,12560.54154,4520,1,0,0,1,0,0,0
HI,2018-2019,1,398,Hawaii Department of Education,Charter,Na Wai Ola PCS,1500030,1500030,12000000030000,150003000264,146.0,PK-06,2,146.0,October Count Day,12060.0,3833.0,15893.0,7397.0,3622.0,11019.0,143.0,211.0,354.0,1760760.0,559618.0,2320378.0,15924.9598,4520,1,0,0,1,0,0,0
HI,2018-2019,1,567,Hawaii Department of Education,Charter,SEEQS PCS,1500030,1500030,12000000030000,150003000298,185.0,06-08,3,185.0,October Count Day,13147.0,1021.0,14168.0,8484.0,810.0,9294.0,143.0,211.0,354.0,2432195.0,188885.0,2621080.0,14214.99471,4520,1,0,0,1,0,0,0
HI,2018-2019,1,543,Hawaii Department of Education,Charter,University Laboratory School,1500030,1500030,12000000030000,150003000273,437.0,KG-12,4,437.0,October Count Day,12955.0,282.0,13237.0,8292.0,71.0,8363.0,143.0,211.0,354.0,5661335.0,123234.0,5784569.0,13292.10921,4520,1,0,0,1,0,0,0
HI,2018-2019,1,560,Hawaii Department of Education,Charter,Volcano of Arts & Sci,1500030,1500030,12000000030000,150003000281,191.0,PK-08,3,191.0,October Count Day,14420.0,3022.0,17442.0,9757.0,2811.0,12568.0,143.0,211.0,354.0,2754220.0,577202.0,3331422.0,17460.45887,4520,1,0,0,1,0,0,0
HI,2018-2019,1,541,Hawaii Department of Education,Charter,Voyager PCS,1500030,1500030,12000000030000,150003000271,291.0,KG-08,3,291.0,October Count Day,12788.0,458.0,13246.0,8125.0,247.0,8372.0,143.0,211.0,354.0,3721308.0,133278.0,3854586.0,13301.03077,4520,1,0,0,1,0,0,0
HI,2018-2019,1,149,Hawaii Department of Education,Charter,Waialae Elem PCS,1500030,1500030,12000000030000,150003000183,509.0,PK-05,2,505.0,October Count Day,12156.0,1180.0,13336.0,7493.0,969.0,8462.0,143.0,211.0,354.0,6138780.0,595900.0,6734680.0,13390.24634,4520,1,0,0,1,0,0,0
HI,2018-2019,1,394,Hawaii Department of Education,Charter,Waimea Middle PCCS,1500030,1500030,12000000030000,150003000268,259.0,06-08,3,259.0,October Count Day,13527.0,1369.0,14896.0,8864.0,1158.0,10022.0,143.0,211.0,354.0,3503493.0,354571.0,3858064.0,14936.64954,4520,1,0,0,1,0,0,0
HI,2018-2019,1,399,Hawaii Department of Education,Charter,West Hawaii Explorations,1500030,1500030,12000000030000,150003000265,266.0,06-12,4,266.0,October Count Day,12345.0,619.0,12964.0,7682.0,408.0,8090.0,143.0,211.0,354.0,3283770.0,164654.0,3448424.0,13021.48865,4520,1,0,0,1,0,0,0
HI,2018-2019,1,100,Hawaii Department of Education,Farrington-Kaiser-Kalani,Aina Haina Elem,1500030,1500030,12000000030000,150003000227,469.0,PK-05,2,465.0,October Count Day,15036.0,1387.0,16423.0,7992.0,608.0,8600.0,2524.0,779.0,3303.0,6991740.0,644955.0,7636695.0,16450.34037,4520,1,0,0,1,0,0,0
HI,2018-2019,1,105,Hawaii Department of Education,Farrington-Kaiser-Kalani,Dole Middle,1500030,1500030,12000000030000,150003000222,765.0,06-08,3,765.0,October Count Day,15087.0,2203.0,17290.0,8043.0,1424.0,9467.0,2524.0,779.0,3303.0,11541555.0,1685295.0,13226850.0,17309.78369,4520,1,0,0,1,0,0,0
HI,2018-2019,1,106,Hawaii Department of Education,Farrington-Kaiser-Kalani,Farrington High,1500030,1500030,12000000030000,150003000221,2315.0,09-12,4,2315.0,October Count Day,13973.0,1365.0,15338.0,6929.0,586.0,7515.0,2524.0,779.0,3303.0,32347495.0,3159975.0,35507470.0,15374.79712,4520,1,0,0,1,0,0,0
HI,2018-2019,1,107,Hawaii Department of Education,Farrington-Kaiser-Kalani,Fern Elem,1500030,1500030,12000000030000,150003000220,445.0,PK-05,2,443.0,October Count Day,15591.0,1896.0,17487.0,8547.0,1117.0,9664.0,2524.0,779.0,3303.0,6906813.0,839928.0,7746741.0,17505.06666,4520,1,0,0,1,0,0,0
HI,2018-2019,1,108,Hawaii Department of Education,Farrington-Kaiser-Kalani,Hahaione Elem,1500030,1500030,12000000030000,150003000219,533.0,PK-05,2,523.0,October Count Day,13410.0,1011.0,14421.0,6366.0,232.0,6598.0,2524.0,779.0,3303.0,7013430.0,528753.0,7542183.0,14465.78959,4520,1,0,0,1,0,0,0
HI,2018-2019,1,470,Hawaii Department of Education,Farrington-Kaiser-Kalani,Hawaii School for the Deaf and Blind,1500030,1500030,12000000030000,150003000096,61.0,PK-12,4,59.0,October Count Day,64789.0,7487.0,72276.0,57745.0,6708.0,64453.0,2524.0,779.0,3303.0,3822551.0,441733.0,4264284.0,71816.53149,4520,1,0,0,1,0,0,0
HI,2018-2019,1,113,Hawaii Department of Education,Farrington-Kaiser-Kalani,Kaewai Elem,1500030,1500030,12000000030000,150003000216,307.0,PK-05,2,301.0,October Count Day,16556.0,1847.0,18403.0,9512.0,1068.0,10580.0,2524.0,779.0,3303.0,4983356.0,555947.0,5539303.0,18413.0829,4520,1,0,0,1,0,0,0
HI,2018-2019,1,114,Hawaii Department of Education,Farrington-Kaiser-Kalani,Kahala Elem,1500030,1500030,12000000030000,150003000215,397.0,PK-05,2,393.0,October Count Day,15511.0,1368.0,16879.0,8467.0,589.0,9056.0,2524.0,779.0,3303.0,6095823.0,537624.0,6633447.0,16902.36592,4520,1,0,0,1,0,0,0
HI,2018-2019,1,116,Hawaii Department of Education,Farrington-Kaiser-Kalani,Kaimuki Middle,1500030,1500030,12000000030000,150003000211,989.0,06-08,3,989.0,October Count Day,13950.0,1101.0,15051.0,6906.0,322.0,7228.0,2524.0,779.0,3303.0,13796550.0,1088889.0,14885439.0,15090.29858,4520,1,0,0,1,0,0,0
HI,2018-2019,1,154,Hawaii Department of Education,Farrington-Kaiser-Kalani,Kaiser High,1500030,1500030,12000000030000,150003000228,1161.0,09-12,4,1161.0,October Count Day,14261.0,1354.0,15615.0,7217.0,575.0,7792.0,2524.0,779.0,3303.0,16557021.0,1571994.0,18129015.0,15649.38281,4520,1,0,0,1,0,0,0
HI,2018-2019,1,118,Hawaii Department of Education,Farrington-Kaiser-Kalani,Kalakaua Middle,1500030,1500030,12000000030000,150003000164,1090.0,06-08,3,1090.0,October Count Day,13391.0,1624.0,15015.0,6347.0,845.0,7192.0,2524.0,779.0,3303.0,14596190.0,1770160.0,16366350.0,15054.61235,4520,1,0,0,1,0,0,0
HI,2018-2019,1,119,Hawaii Department of Education,Farrington-Kaiser-Kalani,Kalani High,1500030,1500030,12000000030000,150003000163,1422.0,09-12,4,1422.0,October Count Day,13758.0,1061.0,14819.0,6714.0,282.0,6996.0,2524.0,779.0,3303.0,19563876.0,1508742.0,21072618.0,14860.32067,4520,1,0,0,1,0,0,0
HI,2018-2019,1,120,Hawaii Department of Education,Farrington-Kaiser-Kalani,Kalihi Elem,1500030,1500030,12000000030000,150003000162,248.0,PK-05,2,243.0,October Count Day,16984.0,2060.0,19044.0,9940.0,1281.0,11221.0,2524.0,779.0,3303.0,4127112.0,500580.0,4627692.0,19048.49601,4520,1,0,0,1,0,0,0
HI,2018-2019,1,121,Hawaii Department of Education,Farrington-Kaiser-Kalani,Kalihi Kai Elem,1500030,1500030,12000000030000,150003000160,558.0,PK-05,2,547.0,October Count Day,15938.0,1974.0,17912.0,8894.0,1195.0,10089.0,2524.0,779.0,3303.0,8718086.0,1079778.0,9797864.0,17926.3624,4520,1,0,0,1,0,0,0
HI,2018-2019,1,122,Hawaii Department of Education,Farrington-Kaiser-Kalani,Kalihi Uka Elem,1500030,1500030,12000000030000,150003000210,246.0,PK-05,2,239.0,October Count Day,16232.0,1896.0,18128.0,9188.0,1117.0,10305.0,2524.0,779.0,3303.0,3879448.0,453144.0,4332592.0,18140.47977,4520,1,0,0,1,0,0,0
HI,2018-2019,1,123,Hawaii Department of Education,Farrington-Kaiser-Kalani,Kalihi Waena Elem,1500030,1500030,12000000030000,150003000209,469.0,PK-05,2,464.0,October Count Day,16018.0,1789.0,17807.0,8974.0,1010.0,9984.0,2524.0,779.0,3303.0,7432352.0,830096.0,8262448.0,17822.27757,4520,1,0,0,1,0,0,0
HI,2018-2019,1,155,Hawaii Department of Education,Farrington-Kaiser-Kalani,Kamiloiki Elem,1500030,1500030,12000000030000,150003000208,391.0,PK-05,2,385.0,October Count Day,14547.0,924.0,15471.0,7503.0,145.0,7648.0,2524.0,779.0,3303.0,5600595.0,355740.0,5956335.0,15506.6379,4520,1,0,0,1,0,0,0
HI,2018-2019,1,124,Hawaii Department of Education,Farrington-Kaiser-Kalani,Kapalama Elem,1500030,1500030,12000000030000,150003000207,595.0,PK-05,2,589.0,October Count Day,14327.0,1539.0,15866.0,7283.0,760.0,8043.0,2524.0,779.0,3303.0,8438603.0,906471.0,9345074.0,15898.19512,4520,1,0,0,1,0,0,0
HI,2018-2019,1,127,Hawaii Department of Education,Farrington-Kaiser-Kalani,Koko Head Elem,1500030,1500030,12000000030000,150003000204,284.0,PK-05,2,281.0,October Count Day,15235.0,1014.0,16249.0,8191.0,235.0,8426.0,2524.0,779.0,3303.0,4281035.0,284934.0,4565969.0,16277.85694,4520,1,0,0,1,0,0,0
HI,2018-2019,1,130,Hawaii Department of Education,Farrington-Kaiser-Kalani,Liholiho Elem,1500030,1500030,12000000030000,150003000201,479.0,PK-05,2,473.0,October Count Day,14133.0,984.0,15117.0,7089.0,205.0,7294.0,2524.0,779.0,3303.0,6684909.0,465432.0,7150341.0,15155.72333,4520,1,0,0,1,0,0,0
HI,2018-2019,1,133,Hawaii Department of Education,Farrington-Kaiser-Kalani,Linapuni Elem,1500030,1500030,12000000030000,150003000198,160.0,PK-01,1,158.0,October Count Day,20483.0,1530.0,22013.0,13439.0,751.0,14190.0,2524.0,779.0,3303.0,3236314.0,241740.0,3478054.0,21991.61852,4520,1,0,0,1,0,0,0
HI,2018-2019,1,139,Hawaii Department of Education,Farrington-Kaiser-Kalani,Niu Valley Middle,1500030,1500030,12000000030000,150003000192,858.0,06-08,3,858.0,October Count Day,13479.0,1057.0,14536.0,6435.0,278.0,6713.0,2524.0,779.0,3303.0,11564982.0,906906.0,12471888.0,14579.78727,4520,1,0,0,1,0,0,0
HI,2018-2019,1,145,Hawaii Department of Education,Farrington-Kaiser-Kalani,Puuhale Elem,1500030,1500030,12000000030000,150003000187,236.0,PK-05,2,232.0,October Count Day,17283.0,2507.0,19790.0,10239.0,1728.0,11967.0,2524.0,779.0,3303.0,4009656.0,581624.0,4591280.0,19787.99395,4520,1,0,0,1,0,0,0
HI,2018-2019,1,150,Hawaii Department of Education,Farrington-Kaiser-Kalani,Waikiki Elem,1500030,1500030,12000000030000,150003000182,600.0,PK-05,2,594.0,October Count Day,14109.0,1064.0,15173.0,7065.0,285.0,7350.0,2524.0,779.0,3303.0,8380746.0,632016.0,9012762.0,15211.23524,4520,1,0,0,1,0,0,0
HI,2018-2019,1,153,Hawaii Department of Education,Farrington-Kaiser-Kalani,Wilson Elem,1500030,1500030,12000000030000,150003000179,577.0,PK-05,2,572.0,October Count Day,14224.0,1317.0,15541.0,7180.0,538.0,7718.0,2524.0,779.0,3303.0,8136128.0,753324.0,8889452.0,15576.02779,4520,1,0,0,1,0,0,0
HI,2018-2019,1,402,Hawaii Department of Education,Hana-Lahainaluna-Lanai-Molokai,Hana High & Elem,1500030,1500030,12000000030000,150003000058,349.0,PK-12,4,348.0,October Count Day,18792.0,2597.0,21389.0,11748.0,1818.0,13566.0,2524.0,779.0,3303.0,6539616.0,903756.0,7443372.0,21373.05724,4520,1,0,0,1,0,0,0
HI,2018-2019,1,406,Hawaii Department of Education,Hana-Lahainaluna-Lanai-Molokai,Kamehameha III Elem,1500030,1500030,12000000030000,150003000061,725.0,PK-05,2,714.0,October Count Day,13936.0,1064.0,15000.0,6892.0,285.0,7177.0,2524.0,779.0,3303.0,9950304.0,759696.0,10710000.0,15039.74309,4520,1,0,0,1,0,0,0
HI,2018-2019,1,407,Hawaii Department of Education,Hana-Lahainaluna-Lanai-Molokai,Kaunakakai Elem,1500030,1500030,12000000030000,150003000062,293.0,PK-06,2,286.0,October Count Day,17048.0,2084.0,19132.0,10004.0,1305.0,11309.0,2524.0,779.0,3303.0,4875728.0,596024.0,5471752.0,19135.72901,4520,1,0,0,1,0,0,0
HI,2018-2019,1,410,Hawaii Department of Education,Hana-Lahainaluna-Lanai-Molokai,Kilohana Elem,1500030,1500030,12000000030000,150003000065,77.0,PK-06,2,76.0,October Count Day,22178.0,2398.0,24576.0,15134.0,1619.0,16753.0,2524.0,779.0,3303.0,1685528.0,182248.0,1867776.0,24532.27968,4520,1,0,0,1,0,0,0
HI,2018-2019,1,413,Hawaii Department of Education,Hana-Lahainaluna-Lanai-Molokai,Lahaina Int,1500030,1500030,12000000030000,150003000068,760.0,06-08,3,760.0,October Count Day,14259.0,1632.0,15891.0,7215.0,853.0,8068.0,2524.0,779.0,3303.0,10836840.0,1240320.0,12077160.0,15922.97723,4520,1,0,0,1,0,0,0
HI,2018-2019,1,414,Hawaii Department of Education,Hana-Lahainaluna-Lanai-Molokai,Lahainaluna High,1500030,1500030,12000000030000,150003000069,992.0,09-12,4,992.0,October Count Day,14002.0,1001.0,15003.0,6958.0,222.0,7180.0,2524.0,779.0,3303.0,13889984.0,992992.0,14882976.0,15042.71694,4520,1,0,0,1,0,0,0
HI,2018-2019,1,415,Hawaii Department of Education,Hana-Lahainaluna-Lanai-Molokai,Lanai High & Elem,1500030,1500030,12000000030000,150003000070,562.0,PK-12,4,560.0,October Count Day,17007.0,1188.0,18195.0,9963.0,409.0,10372.0,2524.0,779.0,3303.0,9523920.0,665280.0,10189200.0,18206.89581,4520,1,0,0,1,0,0,0
HI,2018-2019,1,419,Hawaii Department of Education,Hana-Lahainaluna-Lanai-Molokai,Maunaloa Elem,1500030,1500030,12000000030000,150003000074,38.0,PK-06,2,38.0,October Count Day,27137.0,6927.0,34064.0,20093.0,6148.0,26241.0,2524.0,779.0,3303.0,1031206.0,263226.0,1294432.0,33937.58327,4520,1,0,0,1,0,0,0
HI,2018-2019,1,421,Hawaii Department of Education,Hana-Lahainaluna-Lanai-Molokai,Molokai High,1500030,1500030,12000000030000,150003000075,321.0,09-12,4,321.0,October Count Day,19371.0,2150.0,21521.0,12327.0,1371.0,13698.0,2524.0,779.0,3303.0,6218091.0,690150.0,6908241.0,21503.90674,4520,1,0,0,1,0,0,0
HI,2018-2019,1,434,Hawaii Department of Education,Hana-Lahainaluna-Lanai-Molokai,Molokai Middle,1500030,1500030,12000000030000,150003000290,200.0,07-08,3,200.0,October Count Day,16821.0,1753.0,18574.0,9777.0,974.0,10751.0,2524.0,779.0,3303.0,3364200.0,350600.0,3714800.0,18582.59248,4520,1,0,0,1,0,0,0
HI,2018-2019,1,429,Hawaii Department of Education,Hana-Lahainaluna-Lanai-Molokai,Nahienaena Elem,1500030,1500030,12000000030000,150003000237,769.0,PK-05,2,744.0,October Count Day,13806.0,1042.0,14848.0,6762.0,263.0,7025.0,2524.0,779.0,3303.0,10271664.0,775248.0,11046912.0,14889.06791,4520,1,0,0,1,0,0,0
HI,2018-2019,1,351,Hawaii Department of Education,Hilo-Waiakea,de Silva Elem,1500030,1500030,12000000030000,150003000027,451.0,PK-06,2,451.0,October Count Day,14340.0,1242.0,15582.0,7296.0,463.0,7759.0,2524.0,779.0,3303.0,6467340.0,560142.0,7027482.0,15616.67044,4520,1,0,0,1,0,0,0
HI,2018-2019,1,352,Hawaii Department of Education,Hilo-Waiakea,Haaheo Elem,1500030,1500030,12000000030000,150003000028,201.0,PK-06,2,201.0,October Count Day,14722.0,1394.0,16116.0,7678.0,615.0,8293.0,2524.0,779.0,3303.0,2959122.0,280194.0,3239316.0,16146.01615,4520,1,0,0,1,0,0,0
HI,2018-2019,1,355,Hawaii Department of Education,Hilo-Waiakea,Hilo High,1500030,1500030,12000000030000,150003000029,1178.0,09-12,4,1178.0,October Count Day,15477.0,1569.0,17046.0,8433.0,790.0,9223.0,2524.0,779.0,3303.0,18231906.0,1848282.0,20080188.0,17067.91037,4520,1,0,0,1,0,0,0
HI,2018-2019,1,356,Hawaii Department of Education,Hilo-Waiakea,Hilo Int,1500030,1500030,12000000030000,150003000030,562.0,07-08,3,562.0,October Count Day,14789.0,1638.0,16427.0,7745.0,859.0,8604.0,2524.0,779.0,3303.0,8311418.0,920556.0,9231974.0,16454.30551,4520,1,0,0,1,0,0,0
HI,2018-2019,1,357,Hawaii Department of Education,Hilo-Waiakea,Hilo Union Elem,1500030,1500030,12000000030000,150003000031,441.0,PK-06,2,431.0,October Count Day,16111.0,1957.0,18068.0,9067.0,1178.0,10245.0,2524.0,779.0,3303.0,6943841.0,843467.0,7787308.0,18081.00272,4520,1,0,0,1,0,0,0
HI,2018-2019,1,365,Hawaii Department of Education,Hilo-Waiakea,Kalanianaole Elementary & Int,1500030,1500030,12000000030000,150003000036,331.0,PK-08,3,329.0,October Count Day,17002.0,2665.0,19667.0,9958.0,1886.0,11844.0,2524.0,779.0,3303.0,5593658.0,876785.0,6470443.0,19666.06601,4520,1,0,0,1,0,0,0
HI,2018-2019,1,367,Hawaii Department of Education,Hilo-Waiakea,Kapiolani Elem,1500030,1500030,12000000030000,150003000037,383.0,PK-06,2,373.0,October Count Day,16054.0,1684.0,17738.0,9010.0,905.0,9915.0,2524.0,779.0,3303.0,5988142.0,628132.0,6616274.0,17753.87897,4520,1,0,0,1,0,0,0
HI,2018-2019,1,369,Hawaii Department of Education,Hilo-Waiakea,Kaumana Elem,1500030,1500030,12000000030000,150003000039,261.0,PK-06,2,254.0,October Count Day,16249.0,1304.0,17553.0,9205.0,525.0,9730.0,2524.0,779.0,3303.0,4127246.0,331216.0,4458462.0,17570.49141,4520,1,0,0,1,0,0,0
HI,2018-2019,1,372,Hawaii Department of Education,Hilo-Waiakea,Keaukaha Elem,1500030,1500030,12000000030000,150003000042,412.0,PK-06,2,408.0,October Count Day,16135.0,2308.0,18443.0,9091.0,1529.0,10620.0,2524.0,779.0,3303.0,6583080.0,941664.0,7524744.0,18452.73426,4520,1,0,0,1,0,0,0
HI,2018-2019,1,384,Hawaii Department of Education,Hilo-Waiakea,Waiakea Elem,1500030,1500030,12000000030000,150003000051,878.0,PK-05,2,870.0,October Count Day,14090.0,1077.0,15167.0,7046.0,298.0,7344.0,2524.0,779.0,3303.0,12258300.0,936990.0,13195290.0,15205.28754,4520,1,0,0,1,0,0,0
HI,2018-2019,1,389,Hawaii Department of Education,Hilo-Waiakea,Waiakea High,1500030,1500030,12000000030000,150003000052,1241.0,09-12,4,1241.0,October Count Day,14687.0,1517.0,16204.0,7643.0,738.0,8381.0,2524.0,779.0,3303.0,18226567.0,1882597.0,20109164.0,16233.24915,4520,1,0,0,1,0,0,0
HI,2018-2019,1,385,Hawaii Department of Education,Hilo-Waiakea,Waiakea Int,1500030,1500030,12000000030000,150003000053,891.0,06-08,3,891.0,October Count Day,14669.0,1537.0,16206.0,7625.0,758.0,8383.0,2524.0,779.0,3303.0,13070079.0,1369467.0,14439546.0,16235.23172,4520,1,0,0,1,0,0,0
HI,2018-2019,1,386,Hawaii Department of Education,Hilo-Waiakea,Waiakeawaena Elem,1500030,1500030,12000000030000,150003000054,715.0,PK-05,2,706.0,October Count Day,14790.0,1496.0,16286.0,7746.0,717.0,8463.0,2524.0,779.0,3303.0,10441740.0,1056176.0,11497916.0,16314.53445,4520,1,0,0,1,0,0,0
HI,2018-2019,1,358,Hawaii Department of Education,Honokaa-Kealakehe-Kohala-Konawaena,Holualoa Elem,1500030,1500030,12000000030000,150003000032,524.0,PK-05,2,519.0,October Count Day,14128.0,1362.0,15490.0,7084.0,583.0,7667.0,2524.0,779.0,3303.0,7332432.0,706878.0,8039310.0,15525.4723,4520,1,0,0,1,0,0,0
HI,2018-2019,1,359,Hawaii Department of Education,Honokaa-Kealakehe-Kohala-Konawaena,Honaunau Elem,1500030,1500030,12000000030000,150003000033,133.0,PK-05,2,133.0,October Count Day,16222.0,1976.0,18198.0,9178.0,1197.0,10375.0,2524.0,779.0,3303.0,2157526.0,262808.0,2420334.0,18209.86966,4520,1,0,0,1,0,0,0
HI,2018-2019,1,361,Hawaii Department of Education,Honokaa-Kealakehe-Kohala-Konawaena,Honokaa Elem,1500030,1500030,12000000030000,150003000249,391.0,PK-06,2,391.0,October Count Day,13873.0,1145.0,15018.0,6829.0,366.0,7195.0,2524.0,779.0,3303.0,5424343.0,447695.0,5872038.0,15057.5862,4520,1,0,0,1,0,0,0
HI,2018-2019,1,360,Hawaii Department of Education,Honokaa-Kealakehe-Kohala-Konawaena,Honokaa High & Int,1500030,1500030,12000000030000,150003000034,611.0,07-12,4,611.0,October Count Day,16220.0,1928.0,18148.0,9176.0,1149.0,10325.0,2524.0,779.0,3303.0,9910420.0,1178008.0,11088428.0,18160.30545,4520,1,0,0,1,0,0,0
HI,2018-2019,1,363,Hawaii Department of Education,Honokaa-Kealakehe-Kohala-Konawaena,Hookena Elem,1500030,1500030,12000000030000,150003000035,106.0,PK-05,2,103.0,October Count Day,17762.0,1241.0,19003.0,10718.0,462.0,11180.0,2524.0,779.0,3303.0,1829486.0,127823.0,1957309.0,19007.85336,4520,1,0,0,1,0,0,0
HI,2018-2019,1,371,Hawaii Department of Education,Honokaa-Kealakehe-Kohala-Konawaena,Kahakai Elem,1500030,1500030,12000000030000,150003000232,759.0,PK-05,2,749.0,October Count Day,14125.0,1299.0,15424.0,7081.0,520.0,7601.0,2524.0,779.0,3303.0,10579625.0,972951.0,11552576.0,15460.04755,4520,1,0,0,1,0,0,0
HI,2018-2019,1,378,Hawaii Department of Education,Honokaa-Kealakehe-Kohala-Konawaena,Ke Kula o Ehunuikaimalino,1500030,1500030,12000000030000,150003000287,216.0,PK-12,4,216.0,October Count Day,15055.0,1226.0,16281.0,8011.0,447.0,8458.0,2524.0,779.0,3303.0,3251880.0,264816.0,3516696.0,16309.57803,4520,1,0,0,1,0,0,0
HI,2018-2019,1,388,Hawaii Department of Education,Honokaa-Kealakehe-Kohala-Konawaena,Kealakehe Elem,1500030,1500030,12000000030000,150003000041,966.0,PK-05,2,936.0,October Count Day,14097.0,1328.0,15425.0,7053.0,549.0,7602.0,2524.0,779.0,3303.0,13194792.0,1243008.0,14437800.0,15461.03883,4520,1,0,0,1,0,0,0
HI,2018-2019,1,392,Hawaii Department of Education,Honokaa-Kealakehe-Kohala-Konawaena,Kealakehe High,1500030,1500030,12000000030000,150003000254,1374.0,09-12,4,1374.0,October Count Day,13696.0,1132.0,14828.0,6652.0,353.0,7005.0,2524.0,779.0,3303.0,18818304.0,1555368.0,20373672.0,14869.24222,4520,1,0,0,1,0,0,0
HI,2018-2019,1,390,Hawaii Department of Education,Honokaa-Kealakehe-Kohala-Konawaena,Kealakehe Int,1500030,1500030,12000000030000,150003000235,689.0,06-08,3,689.0,October Count Day,14666.0,2183.0,16849.0,7622.0,1404.0,9026.0,2524.0,779.0,3303.0,10104874.0,1504087.0,11608961.0,16872.6274,4520,1,0,0,1,0,0,0
HI,2018-2019,1,395,Hawaii Department of Education,Honokaa-Kealakehe-Kohala-Konawaena,Kohala Elem,1500030,1500030,12000000030000,150003000250,341.0,PK-05,2,328.0,October Count Day,16178.0,1199.0,17377.0,9134.0,420.0,9554.0,2524.0,779.0,3303.0,5306384.0,393272.0,5699656.0,17396.02541,4520,1,0,0,1,0,0,0
HI,2018-2019,1,373,Hawaii Department of Education,Honokaa-Kealakehe-Kohala-Konawaena,Kohala High,1500030,1500030,12000000030000,150003000043,265.0,09-12,4,265.0,October Count Day,19179.0,3369.0,22548.0,12135.0,2590.0,14725.0,2524.0,779.0,3303.0,5082435.0,892785.0,5975220.0,22521.95551,4520,1,0,0,1,0,0,0
HI,2018-2019,1,366,Hawaii Department of Education,Honokaa-Kealakehe-Kohala-Konawaena,Kohala Middle,1500030,1500030,12000000030000,150003000267,183.0,06-08,3,183.0,October Count Day,16720.0,1547.0,18267.0,9676.0,768.0,10444.0,2524.0,779.0,3303.0,3059760.0,283101.0,3342861.0,18278.26826,4520,1,0,0,1,0,0,0
HI,2018-2019,1,375,Hawaii Department of Education,Honokaa-Kealakehe-Kohala-Konawaena,Konawaena Elem,1500030,1500030,12000000030000,150003000044,563.0,PK-05,2,553.0,October Count Day,14769.0,1851.0,16620.0,7725.0,1072.0,8797.0,2524.0,779.0,3303.0,8167257.0,1023603.0,9190860.0,16645.62334,4520,1,0,0,1,0,0,0
HI,2018-2019,1,374,Hawaii Department of Education,Honokaa-Kealakehe-Kohala-Konawaena,Konawaena High,1500030,1500030,12000000030000,150003000045,831.0,09-12,4,831.0,October Count Day,14648.0,1596.0,16244.0,7604.0,817.0,8421.0,2524.0,779.0,3303.0,12172488.0,1326276.0,13498764.0,16272.90052,4520,1,0,0,1,0,0,0
HI,2018-2019,1,376,Hawaii Department of Education,Honokaa-Kealakehe-Kohala-Konawaena,Konawaena Middle,1500030,1500030,12000000030000,150003000252,660.0,06-08,3,660.0,October Count Day,13355.0,1163.0,14518.0,6311.0,384.0,6695.0,2524.0,779.0,3303.0,8814300.0,767580.0,9581880.0,14561.94415,4520,1,0,0,1,0,0,0
HI,2018-2019,1,382,Hawaii Department of Education,Honokaa-Kealakehe-Kohala-Konawaena,Paauilo Elementary & Int,1500030,1500030,12000000030000,150003000049,205.0,PK-09,3,196.0,October Count Day,17615.0,2078.0,19693.0,10571.0,1299.0,11870.0,2524.0,779.0,3303.0,3452540.0,407288.0,3859828.0,19691.83939,4520,1,0,0,1,0,0,0
HI,2018-2019,1,393,Hawaii Department of Education,Honokaa-Kealakehe-Kohala-Konawaena,Waikoloa Elementary & Middle,1500030,1500030,12000000030000,150003000247,845.0,PK-08,3,833.0,October Count Day,14925.0,1337.0,16262.0,7881.0,558.0,8439.0,2524.0,779.0,3303.0,12432525.0,1113721.0,13546246.0,16290.74363,4520,1,0,0,1,0,0,0
HI,2018-2019,1,387,Hawaii Department of Education,Honokaa-Kealakehe-Kohala-Konawaena,Waimea Elem,1500030,1500030,12000000030000,150003000055,518.0,PK-05,2,505.0,October Count Day,15533.0,1942.0,17475.0,8489.0,1163.0,9652.0,2524.0,779.0,3303.0,7844165.0,980710.0,8824875.0,17493.17125,4520,1,0,0,1,0,0,0
HI,2018-2019,1,300,Hawaii Department of Education,Kailua-Kalaheo,Aikahi Elem,1500030,1500030,12000000030000,150003000101,472.0,PK-06,2,472.0,October Count Day,14022.0,1023.0,15045.0,6978.0,244.0,7222.0,2524.0,779.0,3303.0,6618384.0,482856.0,7101240.0,15084.35087,4520,1,0,0,1,0,0,0
HI,2018-2019,1,302,Hawaii Department of Education,Kailua-Kalaheo,Enchanted Lake Elem,1500030,1500030,12000000030000,150003000001,388.0,PK-06,2,385.0,October Count Day,15312.0,1230.0,16542.0,8268.0,451.0,8719.0,2524.0,779.0,3303.0,5895120.0,473550.0,6368670.0,16568.30318,4520,1,0,0,1,0,0,0
HI,2018-2019,1,330,Hawaii Department of Education,Kailua-Kalaheo,Kaelepulu Elem,1500030,1500030,12000000030000,150003000005,209.0,PK-06,2,209.0,October Count Day,15036.0,782.0,15818.0,7992.0,3.0,7995.0,2524.0,779.0,3303.0,3142524.0,163438.0,3305962.0,15850.61349,4520,1,0,0,1,0,0,0
HI,2018-2019,1,308,Hawaii Department of Education,Kailua-Kalaheo,Kailua Elem,1500030,1500030,12000000030000,150003000008,347.0,PK-06,2,339.0,October Count Day,17215.0,1464.0,18679.0,10171.0,685.0,10856.0,2524.0,779.0,3303.0,5835885.0,496296.0,6332181.0,18686.67731,4520,1,0,0,1,0,0,0
HI,2018-2019,1,309,Hawaii Department of Education,Kailua-Kalaheo,Kailua High,1500030,1500030,12000000030000,150003000009,804.0,09-12,4,804.0,October Count Day,15569.0,1349.0,16918.0,8525.0,570.0,9095.0,2524.0,779.0,3303.0,12517476.0,1084596.0,13602072.0,16941.026,4520,1,0,0,1,0,0,0
HI,2018-2019,1,310,Hawaii Department of Education,Kailua-Kalaheo,Kailua Int,1500030,1500030,12000000030000,150003000010,775.0,07-08,3,775.0,October Count Day,14073.0,1074.0,15147.0,7029.0,295.0,7324.0,2524.0,779.0,3303.0,10906575.0,832350.0,11738925.0,15185.46185,4520,1,0,0,1,0,0,0
HI,2018-2019,1,311,Hawaii Department of Education,Kailua-Kalaheo,Kainalu Elem,1500030,1500030,12000000030000,150003000011,424.0,PK-06,2,419.0,October Count Day,15829.0,1216.0,17045.0,8785.0,437.0,9222.0,2524.0,779.0,3303.0,6632351.0,509504.0,7141855.0,17066.91908,4520,1,0,0,1,0,0,0
HI,2018-2019,1,312,Hawaii Department of Education,Kailua-Kalaheo,Kalaheo High,1500030,1500030,12000000030000,150003000012,759.0,09-12,4,759.0,October Count Day,15438.0,1125.0,16563.0,8394.0,346.0,8740.0,2524.0,779.0,3303.0,11717442.0,853875.0,12571317.0,16589.12015,4520,1,0,0,1,0,0,0
HI,2018-2019,1,317,Hawaii Department of Education,Kailua-Kalaheo,Keolu Elem,1500030,1500030,12000000030000,150003000015,129.0,PK-06,2,124.0,October Count Day,20820.0,3799.0,24619.0,13776.0,3020.0,16796.0,2524.0,779.0,3303.0,2581680.0,471076.0,3052756.0,24574.9049,4520,1,0,0,1,0,0,0
HI,2018-2019,1,321,Hawaii Department of Education,Kailua-Kalaheo,Maunawili Elem,1500030,1500030,12000000030000,150003000019,364.0,PK-06,2,359.0,October Count Day,15686.0,1233.0,16919.0,8642.0,454.0,9096.0,2524.0,779.0,3303.0,5631274.0,442647.0,6073921.0,16942.01729,4520,1,0,0,1,0,0,0
HI,2018-2019,1,322,Hawaii Department of Education,Kailua-Kalaheo,Mokapu Elem,1500030,1500030,12000000030000,150003000020,937.0,PK-06,2,911.0,October Count Day,13930.0,939.0,14869.0,6886.0,160.0,7046.0,2524.0,779.0,3303.0,12690230.0,855429.0,13545659.0,14909.88487,4520,1,0,0,1,0,0,0
HI,2018-2019,1,475,Hawaii Department of Education,Kailua-Kalaheo,Olomana,1500030,1500030,12000000030000,150003000098,71.0,07-12,4,71.0,October Count Day,64803.0,11241.0,76044.0,57759.0,10462.0,68221.0,2524.0,779.0,3303.0,4601013.0,798111.0,5399124.0,75551.69,4520,1,0,0,1,0,0,0
HI,2018-2019,1,324,Hawaii Department of Education,Kailua-Kalaheo,Pope Elem,1500030,1500030,12000000030000,150003000022,230.0,PK-06,2,226.0,October Count Day,17311.0,1765.0,19076.0,10267.0,986.0,11253.0,2524.0,779.0,3303.0,3912286.0,398890.0,4311176.0,19080.2171,4520,1,0,0,1,0,0,0
HI,2018-2019,1,327,Hawaii Department of Education,Kailua-Kalaheo,Waimanalo Elementary & inter,1500030,1500030,12000000030000,150003000026,431.0,PK-08,3,426.0,October Count Day,16133.0,2048.0,18181.0,9089.0,1269.0,10358.0,2524.0,779.0,3303.0,6872658.0,872448.0,7745106.0,18193.01783,4520,1,0,0,1,0,0,0
HI,2018-2019,1,101,Hawaii Department of Education,Kaimuki-McKinley-Roosevelt,Ala Wai Elem,1500030,1500030,12000000030000,150003000226,353.0,PK-05,2,344.0,October Count Day,15649.0,1504.0,17153.0,8605.0,725.0,9330.0,2524.0,779.0,3303.0,5383256.0,517376.0,5900632.0,17173.97777,4520,1,0,0,1,0,0,0
HI,2018-2019,1,102,Hawaii Department of Education,Kaimuki-McKinley-Roosevelt,Aliiolani Elem,1500030,1500030,12000000030000,150003000225,231.0,PK-05,2,226.0,October Count Day,16366.0,1902.0,18268.0,9322.0,1123.0,10445.0,2524.0,779.0,3303.0,3698716.0,429852.0,4128568.0,18279.25955,4520,1,0,0,1,0,0,0
HI,2018-2019,1,103,Hawaii Department of Education,Kaimuki-McKinley-Roosevelt,Anuenue,1500030,1500030,12000000030000,150003000246,516.0,PK-12,4,516.0,October Count Day,15737.0,2208.0,17945.0,8693.0,1429.0,10122.0,2524.0,779.0,3303.0,8120292.0,1139328.0,9259620.0,17959.07478,4520,1,0,0,1,0,0,0
HI,2018-2019,1,104,Hawaii Department of Education,Kaimuki-McKinley-Roosevelt,Central Middle,1500030,1500030,12000000030000,150003000223,414.0,06-08,3,414.0,October Count Day,15312.0,2012.0,17324.0,8268.0,1233.0,9501.0,2524.0,779.0,3303.0,6339168.0,832968.0,7172136.0,17343.48735,4520,1,0,0,1,0,0,0
HI,2018-2019,1,109,Hawaii Department of Education,Kaimuki-McKinley-Roosevelt,Hokulani Elem,1500030,1500030,12000000030000,150003000214,323.0,PK-05,2,323.0,October Count Day,14217.0,823.0,15040.0,7173.0,44.0,7217.0,2524.0,779.0,3303.0,4592091.0,265829.0,4857920.0,15079.39445,4520,1,0,0,1,0,0,0
HI,2018-2019,1,110,Hawaii Department of Education,Kaimuki-McKinley-Roosevelt,Jarrett Middle,1500030,1500030,12000000030000,150003000218,275.0,06-08,3,275.0,October Count Day,17503.0,1695.0,19198.0,10459.0,916.0,11375.0,2524.0,779.0,3303.0,4813325.0,466125.0,5279450.0,19201.15376,4520,1,0,0,1,0,0,0
HI,2018-2019,1,111,Hawaii Department of Education,Kaimuki-McKinley-Roosevelt,Jefferson Elem,1500030,1500030,12000000030000,150003000213,386.0,PK-05,2,375.0,October Count Day,16349.0,1647.0,17996.0,9305.0,868.0,10173.0,2524.0,779.0,3303.0,6130875.0,617625.0,6748500.0,18009.63027,4520,1,0,0,1,0,0,0
HI,2018-2019,1,112,Hawaii Department of Education,Kaimuki-McKinley-Roosevelt,Kaahumanu Elem,1500030,1500030,12000000030000,150003000217,521.0,PK-05,2,506.0,October Count Day,15916.0,1935.0,17851.0,8872.0,1156.0,10028.0,2524.0,779.0,3303.0,8053496.0,979110.0,9032606.0,17865.89407,4520,1,0,0,1,0,0,0
HI,2018-2019,1,115,Hawaii Department of Education,Kaimuki-McKinley-Roosevelt,Kaimuki High,1500030,1500030,12000000030000,150003000212,702.0,09-12,4,702.0,October Count Day,17815.0,2313.0,20128.0,10771.0,1534.0,12305.0,2524.0,779.0,3303.0,12506130.0,1623726.0,14129856.0,20123.04798,4520,1,0,0,1,0,0,0
HI,2018-2019,1,117,Hawaii Department of Education,Kaimuki-McKinley-Roosevelt,Kaiulani Elem,1500030,1500030,12000000030000,150003000165,344.0,PK-05,2,336.0,October Count Day,16571.0,1942.0,18513.0,9527.0,1163.0,10690.0,2524.0,779.0,3303.0,5567856.0,652512.0,6220368.0,18522.12415,4520,1,0,0,1,0,0,0
HI,2018-2019,1,125,Hawaii Department of Education,Kaimuki-McKinley-Roosevelt,Kauluwela Elem,1500030,1500030,12000000030000,150003000206,414.0,PK-05,2,410.0,October Count Day,15140.0,1737.0,16877.0,8096.0,958.0,9054.0,2524.0,779.0,3303.0,6207400.0,712170.0,6919570.0,16900.38336,4520,1,0,0,1,0,0,0
HI,2018-2019,1,126,Hawaii Department of Education,Kaimuki-McKinley-Roosevelt,Kawananakoa Middle,1500030,1500030,12000000030000,150003000205,710.0,06-08,3,710.0,October Count Day,13994.0,1560.0,15554.0,6950.0,781.0,7731.0,2524.0,779.0,3303.0,9935740.0,1107600.0,11043340.0,15588.91448,4520,1,0,0,1,0,0,0
HI,2018-2019,1,128,Hawaii Department of Education,Kaimuki-McKinley-Roosevelt,Kuhio Elem,1500030,1500030,12000000030000,150003000203,224.0,PK-05,2,215.0,October Count Day,17488.0,1387.0,18875.0,10444.0,608.0,11052.0,2524.0,779.0,3303.0,3759920.0,298205.0,4058125.0,18880.969,4520,1,0,0,1,0,0,0
HI,2018-2019,1,129,Hawaii Department of Education,Kaimuki-McKinley-Roosevelt,Lanakila Elem,1500030,1500030,12000000030000,150003000202,387.0,PK-05,2,386.0,October Count Day,15120.0,1898.0,17018.0,8076.0,1119.0,9195.0,2524.0,779.0,3303.0,5836320.0,732628.0,6568948.0,17040.15441,4520,1,0,0,1,0,0,0
HI,2018-2019,1,131,Hawaii Department of Education,Kaimuki-McKinley-Roosevelt,Likelike Elem,1500030,1500030,12000000030000,150003000200,321.0,PK-05,2,317.0,October Count Day,16409.0,1768.0,18177.0,9365.0,989.0,10354.0,2524.0,779.0,3303.0,5201653.0,560456.0,5762109.0,18189.05269,4520,1,0,0,1,0,0,0
HI,2018-2019,1,134,Hawaii Department of Education,Kaimuki-McKinley-Roosevelt,Lincoln Elem,1500030,1500030,12000000030000,150003000197,341.0,PK-05,2,334.0,October Count Day,16723.0,2022.0,18745.0,9679.0,1243.0,10922.0,2524.0,779.0,3303.0,5585482.0,675348.0,6260830.0,18752.10206,4520,1,0,0,1,0,0,0
HI,2018-2019,1,135,Hawaii Department of Education,Kaimuki-McKinley-Roosevelt,Lunalilo Elem,1500030,1500030,12000000030000,150003000195,324.0,PK-05,2,321.0,October Count Day,15994.0,1730.0,17724.0,8950.0,951.0,9901.0,2524.0,779.0,3303.0,5134074.0,555330.0,5689404.0,17740.00099,4520,1,0,0,1,0,0,0
HI,2018-2019,1,136,Hawaii Department of Education,Kaimuki-McKinley-Roosevelt,Maemae Elem,1500030,1500030,12000000030000,150003000196,691.0,PK-06,2,686.0,October Count Day,14133.0,1294.0,15427.0,7089.0,515.0,7604.0,2524.0,779.0,3303.0,9695238.0,887684.0,10582922.0,15463.0214,4520,1,0,0,1,0,0,0
HI,2018-2019,1,137,Hawaii Department of Education,Kaimuki-McKinley-Roosevelt,Manoa Elem,1500030,1500030,12000000030000,150003000194,509.0,PK-05,2,506.0,October Count Day,14497.0,1147.0,15644.0,7453.0,368.0,7821.0,2524.0,779.0,3303.0,7335482.0,580382.0,7915864.0,15678.13005,4520,1,0,0,1,0,0,0
HI,2018-2019,1,138,Hawaii Department of Education,Kaimuki-McKinley-Roosevelt,McKinley High,1500030,1500030,12000000030000,150003000193,1592.0,09-12,4,1592.0,October Count Day,14561.0,1348.0,15909.0,7517.0,569.0,8086.0,2524.0,779.0,3303.0,23181112.0,2146016.0,25327128.0,15940.82034,4520,1,0,0,1,0,0,0
HI,2018-2019,1,140,Hawaii Department of Education,Kaimuki-McKinley-Roosevelt,Noelani Elem,1500030,1500030,12000000030000,150003000191,445.0,PK-05,2,440.0,October Count Day,13847.0,1130.0,14977.0,6803.0,351.0,7154.0,2524.0,779.0,3303.0,6092680.0,497200.0,6589880.0,15016.94356,4520,1,0,0,1,0,0,0
HI,2018-2019,1,141,Hawaii Department of Education,Kaimuki-McKinley-Roosevelt,Nuuanu Elem,1500030,1500030,12000000030000,150003000190,350.0,PK-05,2,349.0,October Count Day,14506.0,1307.0,15813.0,7462.0,528.0,7990.0,2524.0,779.0,3303.0,5062594.0,456143.0,5518737.0,15845.65707,4520,1,0,0,1,0,0,0
HI,2018-2019,1,142,Hawaii Department of Education,Kaimuki-McKinley-Roosevelt,Palolo Elem,1500030,1500030,12000000030000,150003000189,271.0,PK-05,2,269.0,October Count Day,16982.0,2690.0,19672.0,9938.0,1911.0,11849.0,2524.0,779.0,3303.0,4568158.0,723610.0,5291768.0,19671.02243,4520,1,0,0,1,0,0,0
HI,2018-2019,1,143,Hawaii Department of Education,Kaimuki-McKinley-Roosevelt,Pauoa Elem,1500030,1500030,12000000030000,150003000188,294.0,PK-05,2,291.0,October Count Day,15448.0,1665.0,17113.0,8404.0,886.0,9290.0,2524.0,779.0,3303.0,4495368.0,484515.0,4979883.0,17134.3264,4520,1,0,0,1,0,0,0
HI,2018-2019,1,146,Hawaii Department of Education,Kaimuki-McKinley-Roosevelt,Roosevelt High,1500030,1500030,12000000030000,150003000186,1372.0,09-12,4,1372.0,October Count Day,14428.0,1085.0,15513.0,7384.0,306.0,7690.0,2524.0,779.0,3303.0,19795216.0,1488620.0,21283836.0,15548.27184,4520,1,0,0,1,0,0,0
HI,2018-2019,1,147,Hawaii Department of Education,Kaimuki-McKinley-Roosevelt,Royal Elem,1500030,1500030,12000000030000,150003000185,360.0,PK-05,2,347.0,October Count Day,15582.0,1825.0,17407.0,8538.0,1046.0,9584.0,2524.0,779.0,3303.0,5406954.0,633275.0,6040229.0,17425.76393,4520,1,0,0,1,0,0,0
HI,2018-2019,1,148,Hawaii Department of Education,Kaimuki-McKinley-Roosevelt,Stevenson Middle,1500030,1500030,12000000030000,150003000184,660.0,06-08,3,660.0,October Count Day,14285.0,1382.0,15667.0,7241.0,603.0,7844.0,2524.0,779.0,3303.0,9428100.0,912120.0,10340220.0,15700.92959,4520,1,0,0,1,0,0,0
HI,2018-2019,1,152,Hawaii Department of Education,Kaimuki-McKinley-Roosevelt,Washington Middle,1500030,1500030,12000000030000,150003000180,785.0,06-08,3,785.0,October Count Day,14820.0,1539.0,16359.0,7776.0,760.0,8536.0,2524.0,779.0,3303.0,11633700.0,1208115.0,12841815.0,16386.89819,4520,1,0,0,1,0,0,0
HI,2018-2019,1,451,Hawaii Department of Education,Kapaa-Kauai-Waimea,Eleele Elem,1500030,1500030,12000000030000,150003000081,483.0,PK-05,2,470.0,October Count Day,15001.0,1392.0,16393.0,7957.0,613.0,8570.0,2524.0,779.0,3303.0,7050470.0,654240.0,7704710.0,16420.60185,4520,1,0,0,1,0,0,0
HI,2018-2019,1,452,Hawaii Department of Education,Kapaa-Kauai-Waimea,Hanalei Elem,1500030,1500030,12000000030000,150003000082,252.0,PK-06,2,252.0,October Count Day,14677.0,832.0,15509.0,7633.0,53.0,7686.0,2524.0,779.0,3303.0,3698604.0,209664.0,3908268.0,15544.3067,4520,1,0,0,1,0,0,0
HI,2018-2019,1,453,Hawaii Department of Education,Kapaa-Kauai-Waimea,Kalaheo Elem,1500030,1500030,12000000030000,150003000083,410.0,PK-05,2,410.0,October Count Day,15665.0,1397.0,17062.0,8621.0,618.0,9239.0,2524.0,779.0,3303.0,6422650.0,572770.0,6995420.0,17083.77091,4520,1,0,0,1,0,0,0
HI,2018-2019,1,448,Hawaii Department of Education,Kapaa-Kauai-Waimea,Kamakahelei Middle,1500030,1500030,12000000030000,150003000266,987.0,06-08,3,987.0,October Count Day,13641.0,1151.0,14792.0,6597.0,372.0,6969.0,2524.0,779.0,3303.0,13463667.0,1136037.0,14599704.0,14833.556,4520,1,0,0,1,0,0,0
HI,2018-2019,1,454,Hawaii Department of Education,Kapaa-Kauai-Waimea,Kapaa Elem,1500030,1500030,12000000030000,150003000084,921.0,PK-05,2,904.0,October Count Day,14238.0,1133.0,15371.0,7194.0,354.0,7548.0,2524.0,779.0,3303.0,12871152.0,1024232.0,13895384.0,15407.50949,4520,1,0,0,1,0,0,0
HI,2018-2019,1,455,Hawaii Department of Education,Kapaa-Kauai-Waimea,Kapaa High,1500030,1500030,12000000030000,150003000085,1083.0,09-12,4,1083.0,October Count Day,15151.0,1310.0,16461.0,8107.0,531.0,8638.0,2524.0,779.0,3303.0,16408533.0,1418730.0,17827263.0,16488.00917,4520,1,0,0,1,0,0,0
HI,2018-2019,1,447,Hawaii Department of Education,Kapaa-Kauai-Waimea,Kapaa Middle,1500030,1500030,12000000030000,150003000255,607.0,06-08,3,607.0,October Count Day,13636.0,1292.0,14928.0,6592.0,513.0,7105.0,2524.0,779.0,3303.0,8277052.0,784244.0,9061296.0,14968.37063,4520,1,0,0,1,0,0,0
HI,2018-2019,1,456,Hawaii Department of Education,Kapaa-Kauai-Waimea,Kauai High,1500030,1500030,12000000030000,150003000086,1154.0,09-12,4,1154.0,October Count Day,14040.0,1109.0,15149.0,6996.0,330.0,7326.0,2524.0,779.0,3303.0,16202160.0,1279786.0,17481946.0,15187.44442,4520,1,0,0,1,0,0,0
HI,2018-2019,1,457,Hawaii Department of Education,Kapaa-Kauai-Waimea,Kaumualii Elem,1500030,1500030,12000000030000,150003000242,606.0,PK-05,2,593.0,October Count Day,15568.0,1779.0,17347.0,8524.0,1000.0,9524.0,2524.0,779.0,3303.0,9231824.0,1054947.0,10286771.0,17366.28688,4520,1,0,0,1,0,0,0
HI,2018-2019,1,458,Hawaii Department of Education,Kapaa-Kauai-Waimea,Kekaha Elem,1500030,1500030,12000000030000,150003000088,316.0,PK-05,2,312.0,October Count Day,15971.0,1881.0,17852.0,8927.0,1102.0,10029.0,2524.0,779.0,3303.0,4982952.0,586872.0,5569824.0,17866.88536,4520,1,0,0,1,0,0,0
HI,2018-2019,1,459,Hawaii Department of Education,Kapaa-Kauai-Waimea,Kilauea Elem,1500030,1500030,12000000030000,150003000089,320.0,PK-06,2,317.0,October Count Day,15375.0,1552.0,16927.0,8331.0,773.0,9104.0,2524.0,779.0,3303.0,4873875.0,491984.0,5365859.0,16949.94756,4520,1,0,0,1,0,0,0
HI,2018-2019,1,460,Hawaii Department of Education,Kapaa-Kauai-Waimea,Koloa Elem,1500030,1500030,12000000030000,150003000090,323.0,PK-05,2,314.0,October Count Day,15234.0,1736.0,16970.0,8190.0,957.0,9147.0,2524.0,779.0,3303.0,4783476.0,545104.0,5328580.0,16992.57278,4520,1,0,0,1,0,0,0
HI,2018-2019,1,461,Hawaii Department of Education,Kapaa-Kauai-Waimea,Niihau High & Elem,1500030,1500030,12000000030000,150003000091,9.0,PK-12,4,9.0,October Count Day,28286.0,779.0,29065.0,21242.0,0.0,21242.0,2524.0,779.0,3303.0,254574.0,7011.0,261585.0,28982.15403,4520,1,0,0,1,0,0,0
HI,2018-2019,1,464,Hawaii Department of Education,Kapaa-Kauai-Waimea,Waimea Canyon Middle,1500030,1500030,12000000030000,150003000092,501.0,06-08,3,501.0,October Count Day,14012.0,1552.0,15564.0,6968.0,773.0,7741.0,2524.0,779.0,3303.0,7020012.0,777552.0,7797564.0,15598.82733,4520,1,0,0,1,0,0,0
HI,2018-2019,1,462,Hawaii Department of Education,Kapaa-Kauai-Waimea,Waimea High,1500030,1500030,12000000030000,150003000093,621.0,09-12,4,621.0,October Count Day,16146.0,1667.0,17813.0,9102.0,888.0,9990.0,2524.0,779.0,3303.0,10026666.0,1035207.0,11061873.0,17828.22528,4520,1,0,0,1,0,0,0
HI,2018-2019,1,463,Hawaii Department of Education,Kapaa-Kauai-Waimea,Wilcox Elem,1500030,1500030,12000000030000,150003000094,772.0,PK-05,2,759.0,October Count Day,14775.0,1401.0,16176.0,7731.0,622.0,8353.0,2524.0,779.0,3303.0,11214225.0,1063359.0,12277584.0,16205.4932,4520,1,0,0,1,0,0,0
HI,2018-2019,1,368,Hawaii Department of Education,Kau-Keaau-Pahoa,Kau High & Pahala Elem,1500030,1500030,12000000030000,150003000038,500.0,PK-12,4,500.0,October Count Day,16637.0,2487.0,19124.0,9593.0,1708.0,11301.0,2524.0,779.0,3303.0,8318500.0,1243500.0,9562000.0,19127.79874,4520,1,0,0,1,0,0,0
HI,2018-2019,1,353,Hawaii Department of Education,Kau-Keaau-Pahoa,Keaau Elem,1500030,1500030,12000000030000,150003000258,876.0,PK-05,2,861.0,October Count Day,15153.0,1183.0,16336.0,8109.0,404.0,8513.0,2524.0,779.0,3303.0,13046733.0,1018563.0,14065296.0,16364.09865,4520,1,0,0,1,0,0,0
HI,2018-2019,1,354,Hawaii Department of Education,Kau-Keaau-Pahoa,Keaau High,1500030,1500030,12000000030000,150003000260,1032.0,09-12,4,1032.0,October Count Day,15647.0,1502.0,17149.0,8603.0,723.0,9326.0,2524.0,779.0,3303.0,16147704.0,1550064.0,17697768.0,17170.01263,4520,1,0,0,1,0,0,0
HI,2018-2019,1,370,Hawaii Department of Education,Kau-Keaau-Pahoa,Keaau Middle,1500030,1500030,12000000030000,150003000040,712.0,06-08,3,712.0,October Count Day,15353.0,2138.0,17491.0,8309.0,1359.0,9668.0,2524.0,779.0,3303.0,10931336.0,1522256.0,12453592.0,17509.0318,4520,1,0,0,1,0,0,0
HI,2018-2019,1,391,Hawaii Department of Education,Kau-Keaau-Pahoa,Keonepoko Elem,1500030,1500030,12000000030000,150003000244,545.0,PK-06,2,530.0,October Count Day,16735.0,2116.0,18851.0,9691.0,1337.0,11028.0,2524.0,779.0,3303.0,8869550.0,1121480.0,9991030.0,18857.17818,4520,1,0,0,1,0,0,0
HI,2018-2019,1,379,Hawaii Department of Education,Kau-Keaau-Pahoa,Mountain View Elem,1500030,1500030,12000000030000,150003000047,480.0,PK-05,2,468.0,October Count Day,16394.0,1456.0,17850.0,9350.0,677.0,10027.0,2524.0,779.0,3303.0,7672392.0,681408.0,8353800.0,17864.90279,4520,1,0,0,1,0,0,0
HI,2018-2019,1,380,Hawaii Department of Education,Kau-Keaau-Pahoa,Naalehu Elem,1500030,1500030,12000000030000,150003000048,382.0,PK-06,2,376.0,October Count Day,16216.0,2108.0,18324.0,9172.0,1329.0,10501.0,2524.0,779.0,3303.0,6097216.0,792608.0,6889824.0,18334.77146,4520,1,0,0,1,0,0,0
HI,2018-2019,1,381,Hawaii Department of Education,Kau-Keaau-Pahoa,Pahoa Elem,1500030,1500030,12000000030000,150003000234,362.0,PK-06,2,362.0,October Count Day,15777.0,1406.0,17183.0,8733.0,627.0,9360.0,2524.0,779.0,3303.0,5711274.0,508972.0,6220246.0,17203.71629,4520,1,0,0,1,0,0,0
HI,2018-2019,1,383,Hawaii Department of Education,Kau-Keaau-Pahoa,Pahoa High & Int,1500030,1500030,12000000030000,150003000050,549.0,07-12,4,549.0,October Count Day,17032.0,2115.0,19147.0,9988.0,1336.0,11324.0,2524.0,779.0,3303.0,9350568.0,1161135.0,10511703.0,19150.59827,4520,1,0,0,1,0,0,0
HI,2018-2019,1,206,Hawaii Department of Education,Leilehua-Mililani-Waialua,Haleiwa Elem,1500030,1500030,12000000030000,150003000172,240.0,PK-06,2,230.0,October Count Day,16702.0,1193.0,17895.0,9658.0,414.0,10072.0,2524.0,779.0,3303.0,3841460.0,274390.0,4115850.0,17909.51057,4520,1,0,0,1,0,0,0
HI,2018-2019,1,208,Hawaii Department of Education,Leilehua-Mililani-Waialua,Helemano Elem,1500030,1500030,12000000030000,150003000171,535.0,PK-05,2,523.0,October Count Day,16074.0,1595.0,17669.0,9030.0,816.0,9846.0,2524.0,779.0,3303.0,8406702.0,834185.0,9240887.0,17685.48037,4520,1,0,0,1,0,0,0
HI,2018-2019,1,210,Hawaii Department of Education,Leilehua-Mililani-Waialua,Iliahi Elem,1500030,1500030,12000000030000,150003000169,377.0,PK-05,2,372.0,October Count Day,15892.0,1564.0,17456.0,8848.0,785.0,9633.0,2524.0,779.0,3303.0,5911824.0,581808.0,6493632.0,17474.33685,4520,1,0,0,1,0,0,0
HI,2018-2019,1,207,Hawaii Department of Education,Leilehua-Mililani-Waialua,Inouye Elem,1500030,1500030,12000000030000,150003000173,743.0,PK-05,2,707.0,October Count Day,14870.0,1114.0,15984.0,7826.0,335.0,8161.0,2524.0,779.0,3303.0,10513090.0,787598.0,11300688.0,16015.16665,4520,1,0,0,1,0,0,0
HI,2018-2019,1,211,Hawaii Department of Education,Leilehua-Mililani-Waialua,Kaala Elem,1500030,1500030,12000000030000,150003000168,454.0,PK-05,2,446.0,October Count Day,15992.0,1753.0,17745.0,8948.0,974.0,9922.0,2524.0,779.0,3303.0,7132432.0,781838.0,7914270.0,17760.81796,4520,1,0,0,1,0,0,0
HI,2018-2019,1,212,Hawaii Department of Education,Leilehua-Mililani-Waialua,Kipapa Elem,1500030,1500030,12000000030000,150003000167,587.0,PK-05,2,572.0,October Count Day,15969.0,1364.0,17333.0,8925.0,585.0,9510.0,2524.0,779.0,3303.0,9134268.0,780208.0,9914476.0,17352.40891,4520,1,0,0,1,0,0,0
HI,2018-2019,1,214,Hawaii Department of Education,Leilehua-Mililani-Waialua,Leilehua High,1500030,1500030,12000000030000,150003000108,1718.0,09-12,4,1718.0,October Count Day,14498.0,1251.0,15749.0,7454.0,472.0,7926.0,2524.0,779.0,3303.0,24907564.0,2149218.0,27056782.0,15782.21488,4520,1,0,0,1,0,0,0
HI,2018-2019,1,216,Hawaii Department of Education,Leilehua-Mililani-Waialua,Mililani High,1500030,1500030,12000000030000,150003000102,2616.0,09-12,4,2616.0,October Count Day,13525.0,1144.0,14669.0,6481.0,365.0,6846.0,2524.0,779.0,3303.0,35381400.0,2992704.0,38374104.0,14711.62805,4520,1,0,0,1,0,0,0
HI,2018-2019,1,240,Hawaii Department of Education,Leilehua-Mililani-Waialua,Mililani Ike Elem,1500030,1500030,12000000030000,150003000285,642.0,PK-05,2,631.0,October Count Day,14909.0,1104.0,16013.0,7865.0,325.0,8190.0,2524.0,779.0,3303.0,9407579.0,696624.0,10104203.0,16043.91389,4520,1,0,0,1,0,0,0
HI,2018-2019,1,241,Hawaii Department of Education,Leilehua-Mililani-Waialua,Mililani Mauka Elem,1500030,1500030,12000000030000,150003000099,785.0,PK-05,2,777.0,October Count Day,15364.0,1084.0,16448.0,8320.0,305.0,8625.0,2524.0,779.0,3303.0,11937828.0,842268.0,12780096.0,16475.12247,4520,1,0,0,1,0,0,0
HI,2018-2019,1,238,Hawaii Department of Education,Leilehua-Mililani-Waialua,Mililani Middle,1500030,1500030,12000000030000,150003000256,1886.0,06-08,3,1886.0,October Count Day,13963.0,973.0,14936.0,6919.0,194.0,7113.0,2524.0,779.0,3303.0,26334218.0,1835078.0,28169296.0,14976.30091,4520,1,0,0,1,0,0,0
HI,2018-2019,1,242,Hawaii Department of Education,Leilehua-Mililani-Waialua,Mililani Uka Elem,1500030,1500030,12000000030000,150003000106,707.0,PK-05,2,699.0,October Count Day,13861.0,826.0,14687.0,6817.0,47.0,6864.0,2524.0,779.0,3303.0,9688839.0,577374.0,10266213.0,14729.47116,4520,1,0,0,1,0,0,0
HI,2018-2019,1,234,Hawaii Department of Education,Leilehua-Mililani-Waialua,Mililani Waena Elem,1500030,1500030,12000000030000,150003000105,790.0,PK-05,2,775.0,October Count Day,13463.0,785.0,14248.0,6419.0,6.0,6425.0,2524.0,779.0,3303.0,10433825.0,608375.0,11042200.0,14294.29744,4520,1,0,0,1,0,0,0
HI,2018-2019,1,226,Hawaii Department of Education,Leilehua-Mililani-Waialua,Solomon Elem,1500030,1500030,12000000030000,150003000145,880.0,PK-05,2,832.0,October Count Day,14907.0,1545.0,16452.0,7863.0,766.0,8629.0,2524.0,779.0,3303.0,12402624.0,1285440.0,13688064.0,16479.08761,4520,1,0,0,1,0,0,0
HI,2018-2019,1,229,Hawaii Department of Education,Leilehua-Mililani-Waialua,Wahiawa Elem,1500030,1500030,12000000030000,150003000144,431.0,PK-05,2,422.0,October Count Day,16099.0,1308.0,17407.0,9055.0,529.0,9584.0,2524.0,779.0,3303.0,6793778.0,551976.0,7345754.0,17425.76393,4520,1,0,0,1,0,0,0
HI,2018-2019,1,230,Hawaii Department of Education,Leilehua-Mililani-Waialua,Wahiawa Middle,1500030,1500030,12000000030000,150003000143,826.0,06-08,3,826.0,October Count Day,14989.0,1655.0,16644.0,7945.0,876.0,8821.0,2524.0,779.0,3303.0,12380914.0,1367030.0,13747944.0,16669.41416,4520,1,0,0,1,0,0,0
HI,2018-2019,1,231,Hawaii Department of Education,Leilehua-Mililani-Waialua,Waialua Elem,1500030,1500030,12000000030000,150003000142,523.0,PK-06,2,517.0,October Count Day,14807.0,1320.0,16127.0,7763.0,541.0,8304.0,2524.0,779.0,3303.0,7655219.0,682440.0,8337659.0,16156.92028,4520,1,0,0,1,0,0,0
HI,2018-2019,1,232,Hawaii Department of Education,Leilehua-Mililani-Waialua,Waialua High & Int,1500030,1500030,12000000030000,150003000141,666.0,07-12,4,666.0,October Count Day,15814.0,1899.0,17713.0,8770.0,1120.0,9890.0,2524.0,779.0,3303.0,10532124.0,1264734.0,11796858.0,17729.09687,4520,1,0,0,1,0,0,0
HI,2018-2019,1,236,Hawaii Department of Education,Leilehua-Mililani-Waialua,Wheeler Elem,1500030,1500030,12000000030000,150003000138,735.0,PK-05,2,708.0,October Count Day,14760.0,1187.0,15947.0,7716.0,408.0,8124.0,2524.0,779.0,3303.0,10450080.0,840396.0,11290476.0,15978.48914,4520,1,0,0,1,0,0,0
HI,2018-2019,1,237,Hawaii Department of Education,Leilehua-Mililani-Waialua,Wheeler Middle,1500030,1500030,12000000030000,150003000137,800.0,06-08,3,800.0,October Count Day,14064.0,1175.0,15239.0,7020.0,396.0,7416.0,2524.0,779.0,3303.0,11251200.0,940000.0,12191200.0,15276.65999,4520,1,0,0,1,0,0,0
HI,2018-2019,1,271,Hawaii Department of Education,Nanakuli-Waianae,Leihoku Elem,1500030,1500030,12000000030000,150003000230,878.0,PK-06,2,869.0,October Count Day,13839.0,1415.0,15254.0,6795.0,636.0,7431.0,2524.0,779.0,3303.0,12026091.0,1229635.0,13255726.0,15291.52925,4520,1,0,0,1,0,0,0
HI,2018-2019,1,257,Hawaii Department of Education,Nanakuli-Waianae,Maili Elem,1500030,1500030,12000000030000,150003000125,803.0,PK-06,2,788.0,October Count Day,15239.0,1912.0,17151.0,8195.0,1133.0,9328.0,2524.0,779.0,3303.0,12008332.0,1506656.0,13514988.0,17171.9952,4520,1,0,0,1,0,0,0
HI,2018-2019,1,258,Hawaii Department of Education,Nanakuli-Waianae,Makaha Elem,1500030,1500030,12000000030000,150003000124,547.0,PK-06,2,536.0,October Count Day,16273.0,1861.0,18134.0,9229.0,1082.0,10311.0,2524.0,779.0,3303.0,8722328.0,997496.0,9719824.0,18146.42748,4520,1,0,0,1,0,0,0
HI,2018-2019,1,261,Hawaii Department of Education,Nanakuli-Waianae,Nanaikapono Elem,1500030,1500030,12000000030000,150003000119,783.0,PK-06,2,773.0,October Count Day,15456.0,1794.0,17250.0,8412.0,1015.0,9427.0,2524.0,779.0,3303.0,11947488.0,1386762.0,13334250.0,17270.13233,4520,1,0,0,1,0,0,0
HI,2018-2019,1,262,Hawaii Department of Education,Nanakuli-Waianae,Nanakuli Elem,1500030,1500030,12000000030000,150003000118,401.0,PK-06,2,394.0,October Count Day,15392.0,1506.0,16898.0,8348.0,727.0,9075.0,2524.0,779.0,3303.0,6064448.0,593364.0,6657812.0,16921.20032,4520,1,0,0,1,0,0,0
HI,2018-2019,1,263,Hawaii Department of Education,Nanakuli-Waianae,Nanakuli High & Int,1500030,1500030,12000000030000,150003000117,1029.0,07-12,4,1029.0,October Count Day,16826.0,1980.0,18806.0,9782.0,1201.0,10983.0,2524.0,779.0,3303.0,17313954.0,2037420.0,19351374.0,18812.57039,4520,1,0,0,1,0,0,0
HI,2018-2019,1,270,Hawaii Department of Education,Nanakuli-Waianae,Waianae Elem,1500030,1500030,12000000030000,150003000111,497.0,PK-06,2,491.0,October Count Day,15437.0,1921.0,17358.0,8393.0,1142.0,9535.0,2524.0,779.0,3303.0,7579567.0,943211.0,8522778.0,17377.19101,4520,1,0,0,1,0,0,0
HI,2018-2019,1,272,Hawaii Department of Education,Nanakuli-Waianae,Waianae High,1500030,1500030,12000000030000,150003000110,1714.0,09-12,4,1714.0,October Count Day,14534.0,1563.0,16097.0,7490.0,784.0,8274.0,2524.0,779.0,3303.0,24911276.0,2678982.0,27590258.0,16127.18175,4520,1,0,0,1,0,0,0
HI,2018-2019,1,273,Hawaii Department of Education,Nanakuli-Waianae,Waianae Int,1500030,1500030,12000000030000,150003000229,974.0,07-08,3,974.0,October Count Day,14815.0,2268.0,17083.0,7771.0,1489.0,9260.0,2524.0,779.0,3303.0,14429810.0,2209032.0,16638842.0,17104.58788,4520,1,0,0,1,0,0,0
HI,2018-2019,1,250,Hawaii Department of Education,Pearl City-Waipahu,August Ahrens Elem,1500030,1500030,12000000030000,150003000136,1260.0,PK-06,2,1244.0,October Count Day,14736.0,1442.0,16178.0,7692.0,663.0,8355.0,2524.0,779.0,3303.0,18331584.0,1793848.0,20125432.0,16207.47577,4520,1,0,0,1,0,0,0
HI,2018-2019,1,255,Hawaii Department of Education,Pearl City-Waipahu,Highlands Int,1500030,1500030,12000000030000,150003000131,883.0,07-08,3,883.0,October Count Day,14455.0,1203.0,15658.0,7411.0,424.0,7835.0,2524.0,779.0,3303.0,12763765.0,1062249.0,13826014.0,15692.00803,4520,1,0,0,1,0,0,0
HI,2018-2019,1,276,Hawaii Department of Education,Pearl City-Waipahu,Honowai Elem,1500030,1500030,12000000030000,150003000130,682.0,PK-06,2,669.0,October Count Day,14972.0,1534.0,16506.0,7928.0,755.0,8683.0,2524.0,779.0,3303.0,10016268.0,1026246.0,11042514.0,16532.61695,4520,1,0,0,1,0,0,0
HI,2018-2019,1,287,Hawaii Department of Education,Pearl City-Waipahu,Kaleiopuu Elem,1500030,1500030,12000000030000,150003000239,903.0,PK-06,2,888.0,October Count Day,13867.0,911.0,14778.0,6823.0,132.0,6955.0,2524.0,779.0,3303.0,12313896.0,808968.0,13122864.0,14819.67802,4520,1,0,0,1,0,0,0
HI,2018-2019,1,283,Hawaii Department of Education,Pearl City-Waipahu,Kanoelani Elem,1500030,1500030,12000000030000,150003000231,770.0,PK-06,2,763.0,October Count Day,13830.0,976.0,14806.0,6786.0,197.0,6983.0,2524.0,779.0,3303.0,10552290.0,744688.0,11296978.0,14847.43397,4520,1,0,0,1,0,0,0
HI,2018-2019,1,268,Hawaii Department of Education,Pearl City-Waipahu,Lehua Elem,1500030,1500030,12000000030000,150003000126,288.0,PK-06,2,276.0,October Count Day,16678.0,1746.0,18424.0,9634.0,967.0,10601.0,2524.0,779.0,3303.0,4603128.0,481896.0,5085024.0,18433.89987,4520,1,0,0,1,0,0,0
HI,2018-2019,1,260,Hawaii Department of Education,Pearl City-Waipahu,Manana Elem,1500030,1500030,12000000030000,150003000122,373.0,PK-06,2,366.0,October Count Day,16034.0,1611.0,17645.0,8990.0,832.0,9822.0,2524.0,779.0,3303.0,5868444.0,589626.0,6458070.0,17661.68955,4520,1,0,0,1,0,0,0
HI,2018-2019,1,285,Hawaii Department of Education,Pearl City-Waipahu,Momilani Elem,1500030,1500030,12000000030000,150003000120,406.0,PK-06,2,402.0,October Count Day,13803.0,976.0,14779.0,6759.0,197.0,6956.0,2524.0,779.0,3303.0,5548806.0,392352.0,5941158.0,14820.6693,4520,1,0,0,1,0,0,0
HI,2018-2019,1,264,Hawaii Department of Education,Pearl City-Waipahu,Palisades Elem,1500030,1500030,12000000030000,150003000116,438.0,PK-06,2,433.0,October Count Day,14693.0,1100.0,15793.0,7649.0,321.0,7970.0,2524.0,779.0,3303.0,6362069.0,476300.0,6838369.0,15825.83139,4520,1,0,0,1,0,0,0
HI,2018-2019,1,265,Hawaii Department of Education,Pearl City-Waipahu,Pearl City Elem,1500030,1500030,12000000030000,150003000115,436.0,PK-06,2,430.0,October Count Day,15025.0,1300.0,16325.0,7981.0,521.0,8502.0,2524.0,779.0,3303.0,6460750.0,559000.0,7019750.0,16353.19453,4520,1,0,0,1,0,0,0
HI,2018-2019,1,266,Hawaii Department of Education,Pearl City-Waipahu,Pearl City High,1500030,1500030,12000000030000,150003000114,1602.0,09-12,4,1602.0,October Count Day,14826.0,1274.0,16100.0,7782.0,495.0,8277.0,2524.0,779.0,3303.0,23751252.0,2040948.0,25792200.0,16130.15561,4520,1,0,0,1,0,0,0
HI,2018-2019,1,267,Hawaii Department of Education,Pearl City-Waipahu,Pearl City Highlands Elem,1500030,1500030,12000000030000,150003000113,539.0,PK-06,2,537.0,October Count Day,13476.0,841.0,14317.0,6432.0,62.0,6494.0,2524.0,779.0,3303.0,7236612.0,451617.0,7688229.0,14362.69605,4520,1,0,0,1,0,0,0
HI,2018-2019,1,288,Hawaii Department of Education,Pearl City-Waipahu,Waiau Elem,1500030,1500030,12000000030000,150003000109,489.0,PK-06,2,480.0,October Count Day,15288.0,1345.0,16633.0,8244.0,566.0,8810.0,2524.0,779.0,3303.0,7338240.0,645600.0,7983840.0,16658.51003,4520,1,0,0,1,0,0,0
HI,2018-2019,1,290,Hawaii Department of Education,Pearl City-Waipahu,Waikele Elem,1500030,1500030,12000000030000,150003000257,579.0,PK-06,2,572.0,October Count Day,16171.0,1443.0,17614.0,9127.0,664.0,9791.0,2524.0,779.0,3303.0,9249812.0,825396.0,10075208.0,17630.95974,4520,1,0,0,1,0,0,0
HI,2018-2019,1,274,Hawaii Department of Education,Pearl City-Waipahu,Waipahu Elem,1500030,1500030,12000000030000,150003000159,1021.0,PK-06,2,1016.0,October Count Day,15428.0,1711.0,17139.0,8384.0,932.0,9316.0,2524.0,779.0,3303.0,15674848.0,1738376.0,17413224.0,17160.09979,4520,1,0,0,1,0,0,0
HI,2018-2019,1,277,Hawaii Department of Education,Pearl City-Waipahu,Waipahu High,1500030,1500030,12000000030000,150003000161,2682.0,09-12,4,2682.0,October Count Day,13595.0,1345.0,14940.0,6551.0,566.0,7117.0,2524.0,779.0,3303.0,36461790.0,3607290.0,40069080.0,14980.26604,4520,1,0,0,1,0,0,0
HI,2018-2019,1,278,Hawaii Department of Education,Pearl City-Waipahu,Waipahu Int,1500030,1500030,12000000030000,150003000158,1275.0,07-08,3,1275.0,October Count Day,14174.0,1517.0,15691.0,7130.0,738.0,7868.0,2524.0,779.0,3303.0,18071850.0,1934175.0,20006025.0,15724.72041,4520,1,0,0,1,0,0,0
