state,year,distid_stateassigned,schoolid_stateassigned,distname,schoolname,ncesdistid_admin,ncesdistid_geo,census_id,ncesid,ncesenroll,gradespan,level,enroll_raw_RI,enrollmetric,pp_stloc_raw_RI,pp_fed_raw_RI,pp_total_raw_RI,schoolstloc_raw_RI,schoolfed_raw_RI,schooltot_raw_RI,pp_total_norm_NERDS,countenroll,noaudit,nositecen,adfinvars,distflex,flag_nerds,flag_f33
RI,2018-2019,41,28614,Achievement First Rhode Island,Achievement First Iluminar Mayoral Academy,4400021,4400021,,440002100495.0,462.0,KG-04,2.0,464.195767195767,ADM,11546.78,801.82,14926.55,5359966.40074074,372201.45005291,6928841.32883597,17603.96114,0,0,1,0,0,0,0
RI,2018-2019,41,28609,Achievement First Rhode Island,Achievement First Providence Mayoral Academy,4400021,4400021,,440002100486.0,462.0,KG-04,2.0,456.42328042328,ADM,11439.15,983.69,15000.79,5221094.36825396,448979.016719576,6846709.78074074,17678.20114,0,0,1,0,0,0,0
RI,2018-2019,41,41604,Achievement First Rhode Island,AF Iluminar Mayoral Middle Sch,4400021,4400021,,440002100527.0,,05-05,2.0,NRD,ADM,NRD,NRD,NRD,NRD,NRD,NRD,,0,0,1,0,0,1,0
RI,2018-2019,41,28615,Achievement First Rhode Island,AF Providence Mayoral Middle,4400021,4400021,,440002100515.0,201.0,05-07,3.0,201,ADM,NRD,NRD,NRD,NRD,NRD,NRD,,0,0,1,0,0,1,0
RI,2018-2019,1,01106,Barrington,Barrington High School,4400030,4400030,40300100130100.0,440003000001.0,1101.0,09-12,4.0,1080.26111111111,ADM,14433.68,86.87,16575.19,15592143.1942222,93842.2827222222,17905533.1662777,16322.78779,0,0,1,0,0,0,0
RI,2018-2019,1,01108,Barrington,Barrington Middle School,4400030,4400030,40300100130100.0,440003000002.0,830.0,06-08,3.0,832.744444444444,ADM,12824.05,379.23,15257.93,10679156.3927777,315801.675666666,12705956.4412222,15005.52779,0,0,1,0,0,0,0
RI,2018-2019,1,01105,Barrington,Hampden Meadows School,4400030,4400030,40300100130100.0,440003000003.0,499.0,04-05,2.0,504.083333333333,ADM,11976.61,54.45,14085.6999999999,6037209.49083333,27447.3375,7100366.60833333,13833.29779,0,0,1,0,0,0,0
RI,2018-2019,1,01104,Barrington,Nayatt School,4400030,4400030,40300100130100.0,440003000004.0,327.0,KG-03,2.0,329.866666666666,ADM,13237.08,102.51,15394.23,4366471.456,33814.632,5078043.336,15141.82779,0,0,1,0,0,0,0
RI,2018-2019,1,01103,Barrington,Primrose Hill School,4400030,4400030,40300100130100.0,440003000006.0,312.0,PK-03,2.0,290.361111111111,ADM,14333.49,541.11,16929.25,4161888.0825,157117.300833333,4915595.84027777,16676.84779,0,0,1,0,0,0,0
RI,2018-2019,1,01109,Barrington,Sowams Elementary School,4400030,4400030,40300100130100.0,440003000005.0,250.0,KG-03,2.0,253.333333333333,ADM,15397.14,48.03,17499.81,3900608.8,12167.6,4433285.2,17247.40779,0,0,1,0,0,0,0
RI,2018-2019,58,39601,Beacon Charter School,BEACON Charter School,4400008,4400008,,440000800297.0,229.0,09-12,4.0,225.966666666666,ADM,12302.75,670.23,14807.66,2780011.40833333,151449.639,3346037.57133333,15132.48157,0,0,1,0,0,0,0
RI,2018-2019,58,39603,Beacon Charter School,Founders Academy,4400008,4400008,,440000800493.0,139.0,06-08,3.0,142.122222222222,ADM,10182.5,461.01,12478.19,1447159.52777777,65519.7656666666,1773428.09211111,12803.01157,0,0,1,0,0,0,0
RI,2018-2019,54,26602,Blackstone Academy,Blackstone Academy Charter School,4400036,4400036,,440003600246.0,356.0,09-12,4.0,354.055555555555,ADM,11235.7,790.2,15510.06,3978062.00555555,279774.7,5491422.90999999,15458.31025,0,0,1,0,0,0,0
RI,2018-2019,47,08603,"Blackstone Valley Prep, A RI Mayoral Academy",Blackstone Valley Prep Elementary 2 School,4400015,4400015,,440001500480.0,419.0,KG-04,2.0,416.698924731182,ADM,10123.39,520.58,12867.52,4218405.7276344,216925.126236559,5361881.74795698,15391.39875,0,0,1,0,0,0,0
RI,2018-2019,47,08605,"Blackstone Valley Prep, A RI Mayoral Academy",Blackstone Valley Prep Elementary 3 School,4400015,4400015,,440001500496.0,226.0,KG-04,2.0,224.596774193548,ADM,11246.04,877.54,14347.13,2525824.30645161,197092.653225806,3222319.11693548,16871.00875,0,0,1,0,0,0,0
RI,2018-2019,47,08601,"Blackstone Valley Prep, A RI Mayoral Academy",Blackstone Valley Prep Elementary School,4400015,4400015,,440001500473.0,411.0,KG-04,2.0,411.720430107526,ADM,10671.93,646.75,13542.23,4393851.60967741,266280.188172043,5575612.76021505,16066.10875,0,0,1,0,0,0,0
RI,2018-2019,47,08604,"Blackstone Valley Prep, A RI Mayoral Academy",Blackstone Valley Prep High School,4400015,4400015,,440001500488.0,350.0,09-12,4.0,345.956989247311,ADM,10337.08,783.64,13344.27,3576185.0744086,271105.735053763,4616543.47290322,15868.14875,0,0,1,0,0,0,0
RI,2018-2019,47,08606,"Blackstone Valley Prep, A RI Mayoral Academy",Blackstone Valley Prep Mid2,4400015,4400015,,440001500513.0,240.0,05-08,3.0,240,ADM,NRD,NRD,NRD,NRD,NRD,NRD,,0,0,1,0,0,1,0
RI,2018-2019,47,08602,"Blackstone Valley Prep, A RI Mayoral Academy",Blackstone Valley Prep Middle School,4400015,4400015,,440001500475.0,319.0,05-08,3.0,319.360215053763,ADM,10595.92,843.61,13663.09,3383915.28989247,269415.471021505,4363447.36069892,16186.96875,0,0,1,0,0,0,0
RI,2018-2019,96,96105,Bristol Warren,Colt Andrews School,4400065,4400065,40500120100000.0,440006500468.0,350.0,KG-05,2.0,349.855555555555,ADM,14007.79,911.95,17955.1,4900703.15255555,319050.773888888,6281691.48555555,16788.75409,0,0,1,0,0,0,0
RI,2018-2019,96,96104,Bristol Warren,Guiteras School,4400065,4400065,40500120100000.0,440006500012.0,253.0,KG-05,2.0,253.727777777777,ADM,14568.92,290.89,17895.18,3696539.69622222,73806.8732777777,4540504.25433333,16728.83409,0,0,1,0,0,0,0
RI,2018-2019,96,96113,Bristol Warren,Hugh Cole School,4400065,4400065,40500120100000.0,440006500278.0,613.0,PK-05,2.0,568.377777777777,ADM,13902.37,1037.07,17974.81,7901798.16644444,589447.541999999,10216482.5637777,16808.46409,0,0,1,0,0,0,0
RI,2018-2019,96,96112,Bristol Warren,Kickemuit Middle School,4400065,4400065,40500120100000.0,440006500282.0,762.0,06-08,3.0,761.15,ADM,14239.85,294.46,17569.68,10838661.8275,224128.229,13373161.932,16403.33409,0,0,1,0,0,0,0
RI,2018-2019,96,96107,Bristol Warren,Mt. Hope High School,4400065,4400065,40500120100000.0,440006500009.0,944.0,09-12,4.0,925.1,ADM,15091.43,322.15,18448.95,13961081.893,298020.964999999,17067123.645,17282.60409,0,0,1,0,0,0,0
RI,2018-2019,96,96106,Bristol Warren,Rockwell School,4400065,4400065,40500120100000.0,440006500016.0,272.0,KG-05,2.0,268.644444444444,ADM,12402.19,265.97,15703.5299999999,3331779.44244444,71451.3628888888,4218666.09266666,14537.18409,0,0,1,0,0,0,0
RI,2018-2019,3,03108,Burrillville,Austin T. Levy School,4400090,4400090,40300400130100.0,440009000018.0,333.0,PK-01,1.0,293.422222222222,ADM,14211.02,694.02,16439.86,4169829.06844444,203640.890666666,4823820.25422222,16771.07891,0,0,1,0,0,0,0
RI,2018-2019,3,03109,Burrillville,Burrillville High School,4400090,4400090,40300400130100.0,440009000019.0,768.0,09-12,4.0,755.427777777777,ADM,13497.71,422.67,15455.1999999999,10196545.0703888,319296.658833333,11675287.3911111,15786.41891,0,0,1,0,0,0,0
RI,2018-2019,3,03104,Burrillville,Burrillville Middle School,4400090,4400090,40300400130100.0,440009000383.0,524.0,06-08,3.0,533.5,ADM,15184.99,,16719.81,8101192.165,,8920018.635,17051.02891,0,0,1,0,0,0,0
RI,2018-2019,3,03105,Burrillville,Steere Farm Elementary School,4400090,4400090,40300400130100.0,440009000057.0,302.0,02-05,2.0,309.494444444444,ADM,14089.92,350.45,15975.1999999999,4360751.96266666,108462.328055555,4944235.64888888,16306.41891,0,0,1,0,0,0,0
RI,2018-2019,3,03107,Burrillville,William L. Callahan School,4400090,4400090,40300400130100.0,440009000022.0,327.0,02-05,2.0,332.105555555555,ADM,11901.68,1186.72,14623.22,3952614.04844444,394116.304888888,4856452.60211111,14954.43891,0,0,1,0,0,0,0
RI,2018-2019,4,04104,Central Falls,Capt. G. Harold Hunt School,4400120,4400120,40000000010300.0,440012000025.0,126.0,PK-PK,1.0,,ADM,23658.45,2496.93,30707.05,,,,29325.50444,0,0,1,0,0,0,0
RI,2018-2019,4,04108,Central Falls,Central Falls Senior High School,4400120,4400120,40000000010300.0,440012000026.0,716.0,09-12,4.0,726.469945355191,ADM,12562.24,2016.15,19130.0599999999,9126089.80633879,1464672.38032786,13897413.6428415,17748.51444,0,0,1,0,0,0,0
RI,2018-2019,4,04115,Central Falls,Dr. Earl F. Calcutt Middle School,4400120,4400120,40000000010300.0,440012000024.0,707.0,05-08,3.0,733.163934426229,ADM,10665.06,1018.87,16235.61,7819237.3504918,746998.737868852,11903363.7054098,14854.06444,0,0,1,0,0,0,0
RI,2018-2019,4,04101,Central Falls,Ella Risk School,4400120,4400120,40000000010300.0,440012000027.0,417.0,KG-04,2.0,426.480874316939,ADM,15435.43,893.46,20880.5599999999,6582915.68185792,381043.601967213,8905159.48502732,19499.01444,0,0,1,0,0,0,0
RI,2018-2019,4,04117,Central Falls,Margaret I. Robertson School,4400120,4400120,40000000010300.0,440012000482.0,,,,206.267759562841,ADM,16726.96,1809.7,23088.33,3450232.56349726,373282.764480874,4762378.10114754,21706.78444,0,0,1,0,0,0,0
RI,2018-2019,4,04112,Central Falls,Raices Dual Language Academy,4400120,4400120,40000000010300.0,440012000529.0,,PK-06,2.0,NRD,ADM,NRD,NRD,NRD,NRD,NRD,NRD,,0,0,1,0,0,1,0
RI,2018-2019,4,04106,Central Falls,Veterans Memorial Elementary,4400120,4400120,40000000010300.0,440012000385.0,486.0,KG-04,2.0,491.366120218579,ADM,12908.61,1144.76,18605.04,6342853.61311475,562496.27978142,9141886.32131147,17223.49444,0,0,1,0,0,0,0
RI,2018-2019,81,81601,Charette Charter,Charette Charter School,4400037,4400037,,440003700519.0,82.0,09-11,4.0,82,ADM,NRD,NRD,NRD,NRD,NRD,NRD,,0,0,1,0,0,1,0
RI,2018-2019,98,98106,Chariho,Ashaway Elementary School,4400150,4400150,40500550100000.0,440015000122.0,192.0,KG-04,2.0,193.133333333333,ADM,17583.59,173.22,20711.55,3395977.34866666,33454.556,4000090.69,19963.60292,0,0,1,0,0,0,0
RI,2018-2019,98,98108,Chariho,Chariho Alternative Learning Academy,4400150,4400150,40500550100000.0,440015000286.0,52.0,01-12,4.0,56.6611111111111,ADM,47767.28,2763.7,53485.7199999999,2706547.15955555,156594.312777777,3030560.32377777,52737.77292,0,0,1,0,0,1,0
RI,2018-2019,98,98102,Chariho,Chariho Career and Tech Center,4400150,4400150,40500550100000.0,440015000457.0,,09-12,4.0,NRD,ADM,NRD,NRD,NRD,NRD,NRD,NRD,,0,0,1,0,0,1,0
RI,2018-2019,98,98101,Chariho,Chariho Regional High School,4400150,4400150,40500550100000.0,440015000029.0,1117.0,09-12,4.0,1106.03333333333,ADM,13469.49,197.38,16621.61,14897704.9229999,218308.859333333,18384054.7136666,15873.66292,0,0,1,0,0,0,0
RI,2018-2019,98,98103,Chariho,Chariho Regional Middle School,4400150,4400150,40500550100000.0,440015000386.0,933.0,05-08,3.0,931.133333333333,ADM,14311.24,756.16,18022.14,13325672.6053333,704085.781333333,16781015.292,17274.19292,0,0,1,0,0,0,0
RI,2018-2019,98,98104,Chariho,Charlestown Elementary School,4400150,4400150,40500550100000.0,440015000030.0,245.0,KG-04,2.0,247.872222222222,ADM,16847.86,757.12,20559.72,4176116.49788888,187669.016888888,5096183.48466666,19811.77292,0,0,1,0,0,0,0
RI,2018-2019,98,98107,Chariho,Hope Valley Elementary School,4400150,4400150,40500550100000.0,440015000349.0,283.0,KG-04,2.0,192.1,ADM,15845.8,159.57,18960.11,3043978.17999999,30653.3969999999,3642237.131,18212.16292,0,0,1,0,0,1,0
RI,2018-2019,98,98105,Chariho,Richmond Elementary School,4400150,4400150,40500550100000.0,440015000251.0,392.0,KG-04,2.0,391.161111111111,ADM,15351.59,28.82,18335.15,6004945.00172222,11273.2632222222,7171997.64638888,17587.20292,0,0,1,0,0,0,0
RI,2018-2019,6,06104,Coventry,Alan Shawn Feinstein Middle School Of Coventry,4400210,4400210,40300200130100.0,440021000465.0,1132.0,06-08,3.0,1119.52222222222,ADM,12222.99,485.33,14773.49,13683908.927,543337.720111111,16539250.3547777,14446.1358,0,0,1,0,0,0,0
RI,2018-2019,6,06117,Coventry,Blackrock School,4400210,4400210,40300200130100.0,440021000031.0,350.0,KG-05,2.0,348.644444444444,ADM,14000.15,611.07,16676.3799999999,4881074.51888888,213046.160666666,5814127.24044444,16349.0258,0,0,1,0,0,0,0
RI,2018-2019,6,06119,Coventry,Coventry High School,4400210,4400210,40300200130100.0,440021000032.0,1475.0,09-12,4.0,1463.43888888888,ADM,13903.15,195.5,16163.82,20346410.3880555,286102.302777777,23654762.781,15836.4658,0,0,1,0,0,0,0
RI,2018-2019,6,06112,Coventry,Hopkins Hill School,4400210,4400210,40300200130100.0,440021000035.0,371.0,KG-05,2.0,368.161111111111,ADM,13324.84,639.25,16029.26,4905687.89977777,235346.990277777,5901350.17188888,15701.9058,0,0,1,0,0,0,0
RI,2018-2019,6,06123,Coventry,The Regional Career and Tech,4400210,4400210,40300200130100.0,440021000355.0,,,0.0,NRD,ADM,NRD,NRD,NRD,NRD,NRD,NRD,,0,0,1,0,0,1,0
RI,2018-2019,6,06116,Coventry,Tiogue School,4400210,4400210,40300200130100.0,440021000365.0,363.0,KG-05,2.0,353.866666666666,ADM,14513.68,979.76,17558.61,5135907.56266666,346704.405333333,6213406.792,17231.2558,0,0,1,0,0,0,0
RI,2018-2019,6,06121,Coventry,Washington Oak School,4400210,4400210,40300200130100.0,440021000034.0,662.0,PK-05,2.0,525.938888888888,ADM,12601.34,325.04,14991.55,6627534.75811111,170951.176444444,7884639.14972222,14664.1958,0,0,1,0,0,0,0
RI,2018-2019,6,06109,Coventry,Western Coventry School,4400210,4400210,40300200130100.0,440021000041.0,349.0,KG-05,2.0,350.905555555555,ADM,13345.72,393.65,15804.54,4683087.29088888,138133.971944444,5545900.889,15477.1858,0,0,1,0,0,0,0
RI,2018-2019,7,07125,Cranston,Arlington School,4400240,4400240,40200400230100.0,440024000042.0,226.0,PK-05,2.0,210.033333333333,ADM,12135.78,1609.22,17011.7816778697,2548918.326,337989.840666666,3573041.21174191,15923.17514,0,0,1,0,0,0,0
RI,2018-2019,7,07112,Cranston,Chester W. Barrows School,4400240,4400240,40200400230100.0,440024000043.0,,,,155.238888888888,ADM,12032.61,947.5,16246.9016778697,1867929.00683333,147088.847222222,2522150.96435952,15158.29514,0,0,1,0,0,0,0
RI,2018-2019,7,07132,Cranston,Cranston Career & Tech Center,4400240,4400240,40200400230100.0,440024000458.0,,11-12,4.0,NRD,ADM,NRD,NRD,NRD,NRD,NRD,NRD,,0,0,1,0,0,1,0
RI,2018-2019,7,07104,Cranston,Cranston Early Learning Center,4400240,4400240,40200400230100.0,440024000509.0,24.0,PK-PK,1.0,24,ADM,NRD,NRD,NRD,NRD,NRD,NRD,,0,0,1,0,0,1,0
RI,2018-2019,7,07113,Cranston,Cranston High School East,4400240,4400240,40200400230100.0,440024000044.0,1682.0,09-12,4.0,1642.98888888888,ADM,13891.19,75.7,17233.6716778697,22823070.8234444,124374.258888888,28314731.0814991,16145.06514,0,0,1,0,0,0,0
RI,2018-2019,7,07126,Cranston,Cranston High School West,4400240,4400240,40200400230100.0,440024000045.0,1493.0,09-12,4.0,1464.00555555555,ADM,12662.71,38.45,15967.9416778697,18538277.7883888,56291.0136111111,23377155.3271884,14879.33514,0,0,1,0,0,0,0
RI,2018-2019,7,07110,Cranston,Daniel D. Waterman School,4400240,4400240,40200400230100.0,440024000046.0,247.0,KG-05,2.0,249.294444444444,ADM,11856.24,140.34,15263.3616778697,2955694.764,34985.9823333333,3805071.26983917,14174.75514,0,0,1,0,0,0,0
RI,2018-2019,7,07118,Cranston,Eden Park School,4400240,4400240,40200400230100.0,440024000047.0,274.0,KG-05,2.0,276.088888888888,ADM,10917.76,788.8,14973.3416778697,3014272.22755555,217778.915555555,4133973.26679675,13884.73514,0,0,1,0,0,0,0
RI,2018-2019,7,07130,Cranston,Edgewood Highland School,4400240,4400240,40200400230100.0,440024000048.0,252.0,PK-05,2.0,232.783333333333,ADM,14502.27,1208.9,18977.9516778697,3375886.7515,281411.771666666,4417750.85141345,17889.34514,0,0,1,0,0,0,0
RI,2018-2019,7,07117,Cranston,Edward S. Rhodes School,4400240,4400240,40200400230100.0,440024000049.0,174.0,KG-05,2.0,174.244444444444,ADM,13720.57,20.18,17007.5316778697,2390733.09711111,3516.25288888888,2963467.90858171,15918.92514,0,0,1,0,0,0,0
RI,2018-2019,7,07122,Cranston,Garden City School,4400240,4400240,40200400230100.0,440024000050.0,281.0,PK-05,2.0,268.888888888888,ADM,12694.88,81.14,16042.8016778697,3413512.17777777,21817.6444444444,4313731.1178272,14954.19514,0,0,1,0,0,0,0
RI,2018-2019,7,07124,Cranston,George J. Peters School,4400240,4400240,40200400230100.0,440024000351.0,308.0,KG-05,2.0,308.022222222222,ADM,11248.63,557.55,15072.9616778697,3464828.00955555,171737.79,4642807.15148784,13984.35514,0,0,1,0,0,0,0
RI,2018-2019,7,07119,Cranston,Gladstone Street School,4400240,4400240,40200400230100.0,440024000051.0,497.0,KG-05,2.0,508.277777777777,ADM,10666.17,1665.6,15598.5516778697,5421377.185,846587.466666666,7928397.18337947,14509.94514,0,0,1,0,0,0,0
RI,2018-2019,7,07128,Cranston,Glen Hills School,4400240,4400240,40200400230100.0,440024000052.0,257.0,KG-05,2.0,255.777777777777,ADM,13229.46,364.22,16860.4716778697,3383801.88,93159.3822222222,4312533.97805069,15771.86514,0,0,1,0,0,0,0
RI,2018-2019,7,07137,Cranston,Hope Highlands Middle School,4400240,4400240,40200400230100.0,440024000504.0,379.0,06-08,3.0,381.805555555555,ADM,14556.11,95.59,17918.4816778697,5557603.66527777,36496.7930555555,6841375.85173111,16829.87514,0,0,1,0,0,0,0
RI,2018-2019,7,07115,Cranston,Hugh B. Bain Middle School,4400240,4400240,40200400230100.0,440024000053.0,612.0,06-08,3.0,625.472222222222,ADM,13953.77,1170.19,18390.7416778697,8727695.53027777,731921.339722222,11502898.065572,17302.13514,0,0,1,0,0,0,0
RI,2018-2019,7,07135,Cranston,NEL/CPS Construction Career Academy,4400240,4400240,40200400230100.0,440024000229.0,175.0,09-12,4.0,165.494444444444,ADM,13949.84,69.94,17286.5616778697,2308621.02088888,11574.6814444444,2860829.92123368,16197.95514,0,0,1,0,0,0,0
RI,2018-2019,7,07103,Cranston,Oak Lawn School,4400240,4400240,40200400230100.0,440024000059.0,222.0,KG-05,2.0,221.305555555555,ADM,11908.11,100.69,15275.5816778697,2635330.89916666,22283.2563888888,3380571.08965523,14186.97514,0,0,1,0,0,0,0
RI,2018-2019,7,07136,Cranston,Orchard Farms Elementary School,4400240,4400240,40200400230100.0,440024000277.0,455.0,KG-05,2.0,451.45,ADM,12234.99,58.37,15560.1316778697,5523486.23549999,26351.1364999999,7024621.44597431,14471.52514,0,0,1,0,0,0,0
RI,2018-2019,7,07123,Cranston,Park View Middle School,4400240,4400240,40200400230100.0,440024000060.0,690.0,06-08,3.0,691.944444444444,ADM,14107.48,416.66,17790.9216778697,9761592.41111111,288305.572222222,12310329.4165482,16702.31514,0,0,1,0,0,0,0
RI,2018-2019,7,07120,Cranston,Stadium School,4400240,4400240,40200400230100.0,440024000063.0,264.0,PK-05,2.0,254.144444444444,ADM,13650.71,1431.37,18348.8716778697,3469252.10922222,363774.733444444,4663263.79875461,17260.26514,0,0,1,0,0,0,0
RI,2018-2019,7,07127,Cranston,Stone Hill School,4400240,4400240,40200400230100.0,440024000064.0,281.0,PK-05,2.0,275.366666666666,ADM,13430.9,299.76,16997.4416778697,3698422.16333333,82543.912,4680528.85669607,15908.83514,0,0,1,0,0,0,0
RI,2018-2019,7,07129,Cranston,Western Hills Middle School,4400240,4400240,40200400230100.0,440024000067.0,768.0,06-08,3.0,761.861111111111,ADM,14074.62,186.89,17528.2916778697,10722905.6316666,142384.223055555,13354123.7735815,16439.68514,0,0,1,0,0,0,0
RI,2018-2019,7,07116,Cranston,William R. Dutemple School,4400240,4400240,40200400230100.0,440024000068.0,299.0,KG-05,2.0,296.388888888888,ADM,9230.48,928.35,13425.6116778697,2735811.71111111,275152.625,3979202.12785751,12337.00514,0,0,1,0,0,0,0
RI,2018-2019,7,07121,Cranston,Woodridge School,4400240,4400240,40200400230100.0,440024000069.0,301.0,KG-05,2.0,303.555555555555,ADM,11441.52,15.2,14723.5016778697,3473136.96,4614.04444444444,4469400.73154891,13634.89514,0,0,1,0,0,0,0
RI,2018-2019,8,08112,Cumberland,Ashton School,4400270,4400270,40300400230100.0,440027000070.0,290.0,KG-05,2.0,287.061111111111,ADM,11724.09,683.91,15592.1,3365530.30216666,196323.9645,4475885.55055555,14604.6188,0,0,1,0,0,0,0
RI,2018-2019,8,08107,Cumberland,B.F. Norton Elementary School,4400270,4400270,40300400230100.0,440027000039.0,355.0,KG-05,2.0,352.916666666666,ADM,14124.68,1033.22,18342,4984834.98333333,364640.558333333,6473197.49999999,17354.5188,0,0,1,0,0,0,0
RI,2018-2019,8,08109,Cumberland,Community School,4400270,4400270,40300400230100.0,440027000075.0,610.0,KG-05,2.0,609.216666666666,ADM,9994.77,191.49,13370.36,6088980.4635,116658.8995,8145446.15133333,12382.8788,0,0,1,0,0,0,0
RI,2018-2019,8,08114,Cumberland,Cumberland High School,4400270,4400270,40300400230100.0,440027000076.0,1430.0,09-12,4.0,1418.51111111111,ADM,12672.19,76.28,15932.57,17975642.3171111,108204.027555555,22600527.5735555,14945.0888,0,0,1,0,0,0,0
RI,2018-2019,8,08121,Cumberland,Cumberland Preschool Center,4400270,4400270,40300400230100.0,440027000188.0,87.0,PK-PK,1.0,87,ADM,NRD,NRD,NRD,NRD,NRD,NRD,,0,0,1,0,0,1,0
RI,2018-2019,8,08108,Cumberland,Garvin Memorial School,4400270,4400270,40300400230100.0,440027000081.0,377.0,KG-05,2.0,379.711111111111,ADM,11919.12,1286.27,16389.4899999999,4525822.29866666,488411.010888888,6223271.45844444,15402.0088,0,0,1,0,0,0,0
RI,2018-2019,8,08110,Cumberland,John J. McLaughlin Cumberland Hill School,4400270,4400270,40300400230100.0,440027000077.0,373.0,KG-05,2.0,378.394444444444,ADM,13070.3,370.59,16624.98,4945728.90722222,140229.197166666,6290800.07099999,15637.4988,0,0,1,0,0,0,0
RI,2018-2019,8,08115,Cumberland,Joseph L. McCourt Middle School,4400270,4400270,40300400230100.0,440027000078.0,466.0,06-08,3.0,466.827777777777,ADM,13230.45,632.37,17046.92,6176341.5725,295207.881833333,7957975.78155555,16059.4388,0,0,1,0,0,0,0
RI,2018-2019,8,08116,Cumberland,North Cumberland Middle School,4400270,4400270,40300400230100.0,440027000082.0,623.0,06-08,3.0,621.666666666666,ADM,11403.24,39.58,14626.92,7089014.2,24605.5666666666,9093068.6,13639.4388,0,0,1,0,0,0,0
RI,2018-2019,40,17701,Davies Career and Tech,Wm. M. Davies Jr. Career-Technical  High School,4400004,4400004,,440000400379.0,868.0,09-12,4.0,853.461111111111,ADM,18343.91,914.09,21747.3,15655813.8107222,780140.267055555,18560474.8216666,20827.39813,0,0,1,0,0,0,0
RI,2018-2019,67,07702,DCYF,DCYF Alternative Ed. Program,4400009,4400009,,440000900413.0,52.0,10-12,4.0,52,ADM,NRD,NRD,NRD,NRD,NRD,NRD,,0,0,1,0,0,1,0
RI,2018-2019,9,09103,East Greenwich,Archie R. Cole Middle School,4400300,4400300,40300200230100.0,440030000087.0,639.0,06-08,3.0,639.6,ADM,12943.67,94.58,14786.54,8278771.332,60493.368,9457470.984,14847.02673,0,0,1,0,0,0,0
RI,2018-2019,9,09106,East Greenwich,East Greenwich High School,4400300,4400300,40300200230100.0,440030000086.0,763.0,09-12,4.0,763.016666666666,ADM,13831.13,237.65,15817.07,10553382.7088333,181330.910833333,12068688.0278333,15877.55673,0,0,1,0,0,0,0
RI,2018-2019,9,09105,East Greenwich,Frenchtown School,4400300,4400300,40300200230100.0,440030000088.0,242.0,KG-02,2.0,246.194444444444,ADM,16425.02,891.52,19064.83,4043748.67388888,219487.271111111,4693655.23027777,19125.31673,0,0,1,0,0,0,0
RI,2018-2019,9,09108,East Greenwich,George Hanaford School,4400300,4400300,40300200230100.0,440030000377.0,259.0,03-05,2.0,261.427777777777,ADM,13880.23,232.95,15861.47,3628677.68394444,60899.6008333333,4146628.85438889,15921.95673,0,0,1,0,0,0,0
RI,2018-2019,9,09102,East Greenwich,James H. Eldredge El. School,4400300,4400300,40300200230100.0,440030000089.0,307.0,03-05,2.0,309.927777777777,ADM,12559.82,181.15,14489.2599999999,3892637.10188888,56143.4169444444,4490624.15344444,14549.74673,0,0,1,0,0,0,0
RI,2018-2019,9,09107,East Greenwich,Meadowbrook Farms School,4400300,4400300,40300200230100.0,440030000090.0,313.0,PK-02,2.0,253.916666666666,ADM,15948.96,440.98,18138.23,4049706.76,111972.171666666,4605598.90083333,18198.71673,0,0,1,0,0,0,0
RI,2018-2019,10,10116,East Providence,Agnes B. Hennessey School,4400330,4400330,40200450130100.0,440033000091.0,264.0,KG-05,2.0,259.216666666666,ADM,13498.42,2040.39,19248.64,3499015.43766666,528903.0945,4989568.29866666,18798.22819,0,0,1,0,0,0,0
RI,2018-2019,10,10114,East Providence,Alice M. Waddington School,4400330,4400330,40200450130100.0,440033000092.0,485.0,KG-05,2.0,412.633333333333,ADM,10931.85,329.37,14971.05,4510845.705,135909.041,6177554.265,14520.63819,0,0,1,0,0,0,0
RI,2018-2019,10,10130,East Providence,East Providence Career Tech,4400330,4400330,40200450130100.0,440033000459.0,,09-12,4.0,NRD,ADM,NRD,NRD,NRD,NRD,NRD,NRD,,0,0,1,0,0,1,0
RI,2018-2019,10,10112,East Providence,East Providence High School,4400330,4400330,40200450130100.0,440033000097.0,1466.0,09-12,4.0,1451.27222222222,ADM,12914.58,105.99,16730.4,18742571.2156666,153820.342833333,24280364.7866666,16279.98819,0,0,1,0,0,0,0
RI,2018-2019,10,10104,East Providence,Edward R. Martin Middle Annex,4400330,4400330,40200450130100.0,440033000506.0,90.0,PK-PK,1.0,90,ADM,NRD,NRD,NRD,NRD,NRD,NRD,,0,0,1,0,0,1,0
RI,2018-2019,10,10109,East Providence,Edward R. Martin Middle School,4400330,4400330,40200450130100.0,440033000348.0,663.0,06-08,3.0,662.111111111111,ADM,13450.08,189.01,17348.93,8905447.41333333,125145.621111111,11486919.3188888,16898.51819,0,0,1,0,0,0,0
RI,2018-2019,10,10117,East Providence,Emma G. Whiteknact School,4400330,4400330,40200450130100.0,440033000109.0,267.0,KG-05,2.0,268.488888888888,ADM,14614.82,2082.81,20407.46,3923916.78311111,559211.342666666,5479176.26044444,19957.04819,0,0,1,0,0,0,0
RI,2018-2019,10,10106,East Providence,James R. D. Oldham School,4400330,4400330,40200450130100.0,440033000532.0,,PK-PK,1.0,145,ADM,NRD,NRD,NRD,NRD,NRD,NRD,17270.72819,0,0,1,0,0,0,0
RI,2018-2019,10,10111,East Providence,James R. D. Oldham School,4400330,4400330,40200450130100.0,440033000094.0,,,,144.727777777777,ADM,12389.72,1621.59,17721.14,1793136.64288888,234689.117166666,2564741.21188888,,0,0,1,0,0,1,0
RI,2018-2019,10,10113,East Providence,Kent Heights School,4400330,4400330,40200450130100.0,440033000099.0,267.0,KG-05,2.0,271.838888888888,ADM,12188.37,1283.51,17181.72,3313272.95816666,348907.932277777,4670659.674,16731.30819,0,0,1,0,0,0,0
RI,2018-2019,10,10125,East Providence,Myron J. Francis Elementary School,4400330,4400330,40200450130100.0,440033000389.0,412.0,KG-05,2.0,412.538888888888,ADM,11868.8,479.15,16057.78,4896341.56444444,197668.008611111,6624458.71922222,15607.36819,0,0,1,0,0,0,0
RI,2018-2019,10,10124,East Providence,Orlo Avenue School,4400330,4400330,40200450130100.0,440033000103.0,264.0,KG-05,2.0,261.6,ADM,15216.56,1522.94,20449.3399999999,3980652.096,398401.104,5349547.344,19998.92819,0,0,1,0,0,0,0
RI,2018-2019,10,10122,East Providence,Riverside Middle School,4400330,4400330,40200450130100.0,440033000105.0,540.0,06-08,3.0,543.577777777777,ADM,15104.17,385.81,19199.8099999999,8210291.16377777,209717.742444444,10436590.0535555,18749.39819,0,0,1,0,0,0,0
RI,2018-2019,10,10123,East Providence,Silver Spring School,4400330,4400330,40200450130100.0,440033000106.0,262.0,KG-05,2.0,261.033333333333,ADM,13808.51,1244.64,18762.98,3604481.39366666,324892.528,4897763.21266666,18312.56819,0,0,1,0,0,0,0
RI,2018-2019,97,97105,Exeter-West Greenwich,Exeter-West Greenwich Regional  Junior High,4400360,4400360,40500570100000.0,440036000390.0,264.0,07-08,3.0,264.524861878453,ADM,16567.51,582.45,22108.0799999999,4382518.29441988,154072.505801105,5848136.80839779,21844.31408,0,0,1,0,0,0,0
RI,2018-2019,97,97106,Exeter-West Greenwich,Exeter-West Greenwich Regional High School,4400360,4400360,40500570100000.0,440036000391.0,490.0,09-12,4.0,489.662983425414,ADM,18461.85,144.93,23564.8999999999,9040084.55055248,70966.8561878453,11538859.2381215,23301.13408,0,0,1,0,0,0,0
RI,2018-2019,97,97103,Exeter-West Greenwich,Metcalf School,4400360,4400360,40500570100000.0,440036000111.0,582.0,02-06,2.0,575.447513812154,ADM,13334.23,374.41,18666.76,7673149.50209944,215453.303646408,10741740.6329281,18402.99408,0,0,1,0,0,0,0
RI,2018-2019,97,97102,Exeter-West Greenwich,Mildred E. Lineham School,4400360,4400360,40500570100000.0,440036000112.0,64.0,PK-PK,1.0,64,ADM,NRD,NRD,NRD,NRD,NRD,NRD,,0,0,1,0,0,1,0
RI,2018-2019,97,97101,Exeter-West Greenwich,Wawaloam School,4400360,4400360,40500570100000.0,440036000038.0,228.0,KG-01,1.0,227.795580110497,ADM,17580.61,270.79,22809.52,4004785.2536464,61684.7651381215,5195907.84044198,22545.75408,0,0,1,0,0,0,0
RI,2018-2019,12,12101,Foster,Captain Isaac Paine Elementary School,4400390,4400390,40300400430100.0,440039000114.0,272.0,PK-05,2.0,240.133333333333,ADM,15441.23,632.65,17776.59,3707954.03066666,151920.353333333,4268751.812,19163.53187,0,0,1,0,0,0,0
RI,2018-2019,99,99102,Foster-Glocester,Ponaganset High School,4400420,4400420,40500450100000.0,440042000116.0,801.0,09-12,4.0,792.538888888888,ADM,16121.54,287.64,18578.96,12776947.3987777,227965.886,14724548.3151111,18307.54371,0,0,1,0,0,0,0
RI,2018-2019,99,99101,Foster-Glocester,Ponaganset Middle School,4400420,4400420,40500450100000.0,440042000117.0,501.0,06-08,3.0,495.422222222222,ADM,15232.09,411.05,17812.93,7546315.87688888,203643.304444444,8824921.36488889,17541.51371,0,0,1,0,0,0,0
RI,2018-2019,13,13103,Glocester,Fogarty Memorial School,4400450,4400450,40300400530100.0,440045000119.0,305.0,KG-05,2.0,309.527777777777,ADM,14793.76,797.39,16483.03,4579079.65777777,246814.354722222,5101955.64694444,16998.64029,0,0,1,0,0,0,0
RI,2018-2019,13,13104,Glocester,West Glocester Elementary,4400450,4400450,40300400530100.0,440045000403.0,218.0,PK-05,2.0,214.466666666666,ADM,18102.56,530.17,19524.62,3882395.70133333,113703.792666666,4187380.16933333,20040.23029,0,0,1,0,0,0,0
RI,2018-2019,48,48601,Highlander,Highlander Elementary Charter,4400031,4400031,,440003100524.0,273.0,PK-06,2.0,273,ADM,NRD,NRD,NRD,NRD,NRD,NRD,,0,0,1,0,0,1,0
RI,2018-2019,48,48602,Highlander,Highlander Secondary Charter S,4400031,4400031,,440003100521.0,315.0,07-12,4.0,315,ADM,NRD,NRD,NRD,NRD,NRD,NRD,,0,0,1,0,0,1,0
RI,2018-2019,53,26601,International Charter,International Charter School,4400034,4400034,,440003400226.0,370.0,KG-05,2.0,369.270718232044,ADM,12646.98,773.16,14805.48,4670159.38806629,285505.348508287,5467230.23337016,14869.72261,0,0,1,0,0,0,0
RI,2018-2019,15,15101,Jamestown,Jamestown School-Lawn,4400510,4400510,40300300130100.0,440051000123.0,229.0,05-08,3.0,228.416666666666,ADM,16846.5,102.5,25906.4,3848021.375,23412.7083333333,5917453.53333333,,0,0,1,0,0,0,1
RI,2018-2019,15,15102,Jamestown,Jamestown School-Melrose,4400510,4400510,40300300130100.0,440051000404.0,273.0,PK-04,2.0,248.972222222222,ADM,17145.9,1145.3,27248.61,4268852.825,285147.886111111,6784146.98416666,,0,0,1,0,0,0,1
RI,2018-2019,16,16106,Johnston,Brown Avenue School,4400540,4400540,40300400630100.0,440054000125.0,224.0,01-05,2.0,219.922222222222,ADM,15767.71,238.99,21415,3467669.82255555,52559.2118888888,4709634.38888888,19403.5401,0,0,1,0,0,0,0
RI,2018-2019,16,16114,Johnston,Early Childhood Center,4400540,4400540,40300400630100.0,440054000452.0,193.0,KG-KG,1.0,195.361111111111,ADM,14566.17,1106.7,21081.18,2845663.15583333,216206.141666666,4118442.74833333,19069.7201,0,0,1,0,0,0,0
RI,2018-2019,16,16110,Johnston,Graniteville School,4400540,4400540,40300400630100.0,440054000127.0,105.0,PK-PK,1.0,105,ADM,NRD,NRD,NRD,NRD,NRD,NRD,,0,0,1,0,0,1,0
RI,2018-2019,16,16112,Johnston,Johnston Senior High School,4400540,4400540,40300400630100.0,440054000128.0,867.0,09-12,4.0,861.566666666666,ADM,14412.28,172.6,19993.19,12417140.0386666,148706.406666666,17225466.0643333,17981.7301,0,0,1,0,0,0,0
RI,2018-2019,16,16111,Johnston,Nicholas A. Ferri Middle School,4400540,4400540,40300400630100.0,440054000129.0,792.0,06-08,3.0,793.288888888888,ADM,13309.01,308.08,19025.4,10557889.7551111,244396.440888888,15092638.4266666,17013.9401,0,0,1,0,0,0,0
RI,2018-2019,16,16108,Johnston,Sarah Dyer Barnes School,4400540,4400540,40300400630100.0,440054000130.0,288.0,KG-05,2.0,291.766666666666,ADM,15362.53,970.31,21741.15,4482274.16966666,283104.114333333,6343342.865,19729.6901,0,0,1,0,0,0,0
RI,2018-2019,16,16103,Johnston,Thornton School,4400540,4400540,40300400630100.0,440054000131.0,346.0,01-05,2.0,345.95,ADM,15668.82,1185.22,22262.35,5420628.279,410026.859,7701659.9825,20250.8901,0,0,1,0,0,0,0
RI,2018-2019,16,16109,Johnston,Winsor Hill School,4400540,4400540,40300400630100.0,440054000132.0,383.0,01-05,2.0,374.655555555555,ADM,12250.37,713.38,18372.06,4589669.17811111,267271.780222222,6883194.346,16360.6001,0,0,1,0,0,0,0
RI,2018-2019,52,32601,Kingston Hill Academy,Kingston Hill Academy,4400033,4400033,,440003300225.0,189.0,KG-05,2.0,188.135135135135,ADM,14217.94,647.84,16739.21,2674894.06324324,121881.465945945,3149233.5354054,16319.98494,0,0,1,0,0,0,0
RI,2018-2019,59,04601,Learning Community,The Learning Community Charter School,4400006,4400006,,440000600326.0,571.0,KG-08,3.0,569.8,ADM,13341.6148999649,844.876096876097,17828.810996841,7602052.16999999,481410.4,10158856.506,17123.48607,0,0,1,0,0,0,0
RI,2018-2019,59,04601el,Learning Community,The Learning Community Charter School (Elem),4400006,4400006,,,,,,387.972222222222,ADM,14455.49,964.14,,5608328.57861111,374059.538333333,,,0,0,1,0,0,0,0
RI,2018-2019,59,04601ms,Learning Community,The Learning Community Charter School (Middle),4400006,4400006,,,,,,116.005555555555,ADM,10854.88,578.62,,1259226.38488888,67123.1345555555,,,0,0,1,0,0,0,0
RI,2018-2019,17,17109,Lincoln,Lincoln Central Elementary School,4400570,4400570,40300400730100.0,440057000134.0,371.0,KG-05,2.0,374.450549450549,ADM,14318.83,7.95,17746.56,5361693.76098901,2976.88186813186,6645209.14285714,16416.15749,0,0,1,0,0,0,0
RI,2018-2019,17,17117,Lincoln,Lincoln Middle School,4400570,4400570,40300400730100.0,440057000062.0,743.0,06-08,3.0,747.263736263736,ADM,14889.04,117.53,18426.34,11126039.6597802,87825.9069230769,13769335.6740659,17095.93749,0,0,1,0,0,0,0
RI,2018-2019,17,17110,Lincoln,Lincoln Senior High School,4400570,4400570,40300400730100.0,440057000135.0,918.0,09-12,4.0,908.604395604395,ADM,15741.33,216.51,19377.61,14302641.6306593,196721.937692307,17606581.6223076,18047.20749,0,0,1,0,0,0,0
RI,2018-2019,17,17106,Lincoln,Lonsdale Elementary School,4400570,4400570,40300400730100.0,440057000137.0,283.0,KG-05,2.0,283.142857142857,ADM,15782.74,86.82,19289.3299999999,4468770.09714285,24582.4628571428,5461636.00857142,17958.92749,0,0,1,0,0,0,0
RI,2018-2019,17,17113,Lincoln,Northern Lincoln Elementary School,4400570,4400570,40300400730100.0,440057000138.0,516.0,PK-05,2.0,422.730769230769,ADM,15353.61,2066.34,20839.71,6490443.36576923,873505.497692307,8809586.63884615,19509.30749,0,0,1,0,0,0,0
RI,2018-2019,17,17112,Lincoln,Saylesville Elementary School,4400570,4400570,40300400730100.0,440057000139.0,272.0,KG-05,2.0,277.406593406593,ADM,16698.33,499.58,20617.68,4632226.84087912,138586.785934065,5719480.37274725,19287.27749,0,0,1,0,0,0,0
RI,2018-2019,18,18101,Little Compton,Wilbur and McMahon Schools,4400600,4400600,40300300230100.0,440060000140.0,244.0,PK-08,3.0,222.172222222222,ADM,23033.5121303506,356.732952243777,33540.8711287904,5117406.5755825,79256.1527398938,7451849.87395253,,0,0,1,0,0,0,1
RI,2018-2019,18,18101el,Little Compton,Wilbur and McMahon Schools (Elem),4400600,4400600,40300300230100.0,,,,,149.172222222222,ADM,25568.08,472.24,,3814047.31155555,70445.0902222222,,,0,0,1,0,0,0,1
RI,2018-2019,18,18101ms,Little Compton,Wilbur and McMahon Schools (Middle),4400600,4400600,40300300230100.0,,,,,57,ADM,18705.37,159.5,,1066206.08999999,9091.5,,,0,0,1,0,0,0,1
RI,2018-2019,60,28703,MET Career and Tech,Metropolitan Regional Career and Technical Center,4400003,4400003,,440000300121.0,781.0,09-12,4.0,774.577777777777,ADM,16045.2,1088.19,20299.95,12428255.36,842887.792,15723890.16,20027.82511,0,0,1,0,0,0,0
RI,2018-2019,19,19106,Middletown,Aquidneck School,4400630,4400630,40300300330100.0,440063000141.0,338.0,PK-03,2.0,325.955555555555,ADM,14748.1,177.16,18586.9,4807225.12888888,57746.2862222222,6058503.31555555,18620.05139,0,0,1,0,0,0,0
RI,2018-2019,19,19107,Middletown,Forest Avenue School,4400630,4400630,40300300330100.0,440063000405.0,320.0,KG-03,2.0,326.505555555555,ADM,14473.88,947.22,19082.74,4725802.23044444,309272.592333333,6230620.62522222,19115.89139,0,0,1,0,0,0,0
RI,2018-2019,19,19117,Middletown,Joseph H. Gaudet Learning Academy,4400630,4400630,40300300330100.0,440063000471.0,184.0,04-04,2.0,187.222222222222,ADM,9820.47,307.27,13789.38,1838610.21666666,57527.7722222222,2581678.36666666,13822.53139,0,0,1,0,0,0,0
RI,2018-2019,19,19114,Middletown,Joseph H. Gaudet School,4400630,4400630,40300300330100.0,440063000144.0,668.0,05-08,3.0,658.005555555555,ADM,13383.52,643.6,17688.77,8806430.51288889,423492.375555555,11639308.9309444,17721.92139,0,0,1,0,0,0,0
RI,2018-2019,19,19111,Middletown,Middletown High School,4400630,4400630,40300300330100.0,440063000147.0,606.0,09-12,4.0,604.883333333333,ADM,16311.35,532.65,20505.63,9866463.75916666,322191.1075,12403513.8265,20538.78139,0,0,1,0,0,0,0
RI,2018-2019,20,20102,Narragansett,Narragansett Elementary School,4400660,4400660,40300500430100.0,440066000150.0,430.0,PK-04,2.0,358.555555555555,ADM,16467.23,834.05,21379.02,5904416.80111111,299053.261111111,7665566.39333333,21137.97471,0,0,1,0,0,0,0
RI,2018-2019,20,20104,Narragansett,Narragansett High School,4400660,4400660,40300500430100.0,440066000151.0,448.0,09-12,4.0,439.677777777777,ADM,21178.5,200.43,25456.67,9311715.81666666,88124.617,11192732.0952222,25215.62471,0,0,1,0,0,0,0
RI,2018-2019,20,20103,Narragansett,Narragansett Pier School,4400660,4400660,40300500430100.0,440066000396.0,397.0,05-08,3.0,395.716666666666,ADM,17843.48,495.44,22416.67,7060962.42733333,196053.865333333,8870649.93016666,22175.62471,0,0,1,0,0,0,0
RI,2018-2019,22,22101,New Shoreham,Block Island School,4400690,4400690,40300580130100.0,440069000149.0,133.0,KG-12,4.0,132.85,ADM,30229.2308618743,458.727286413248,38963.4481482875,4015953.32,60941.92,5176294.08649999,40126.65051,0,0,1,0,0,0,0
RI,2018-2019,22,22101el,New Shoreham,Block Island School (Elem),4400690,4400690,40300580130100.0,,,,,53.2222222222222,ADM,32396.86,618.02,,1724232.88222222,32892.3977777777,,,0,0,1,0,0,0,0
RI,2018-2019,22,22101hs,New Shoreham,Block Island School (High),4400690,4400690,40300580130100.0,,,,,42.7777777777777,ADM,27709.77,273.57,,1185362.38333333,11702.7166666666,,,0,0,1,0,0,0,0
RI,2018-2019,21,21107,Newport,Claiborne Pell Elementary School,4400720,4400720,40200300130100.0,440072000485.0,830.0,KG-04,2.0,833.633333333333,ADM,14635.25,1630.42,20084.32,12200432.2416666,1359172.45933333,16742958.6293333,18840.64931,0,0,1,0,0,0,0
RI,2018-2019,21,21106,Newport,Frank E. Thompson Middle School,4400720,4400720,40200300130100.0,440072000155.0,606.0,05-08,3.0,598.438888888888,ADM,16802.1,485.21,21693.53,10055030.055,290368.533277777,12982251.9892777,20449.85931,0,0,1,0,0,0,0
RI,2018-2019,21,21117,Newport,Newport Area Career Tech Ctr,4400720,4400720,40200300130100.0,440072000460.0,,09-12,4.0,NRD,ADM,NRD,NRD,NRD,NRD,NRD,NRD,,0,0,1,0,0,1,0
RI,2018-2019,21,21111,Newport,Rogers High School,4400720,4400720,40200300130100.0,440072000159.0,644.0,09-12,4.0,637.29213483146,ADM,16875.12,106.09,21387.43,10754381.250337,67610.3225842696,13630040.9232584,20143.75931,0,0,1,0,0,0,0
RI,2018-2019,21,21113,Newport,The Pell Annex @ John F. Kenne,4400720,4400720,40200300130100.0,440072000500.0,53.0,PK-PK,1.0,53,ADM,NRD,NRD,NRD,NRD,NRD,NRD,,0,0,1,0,0,1,0
RI,2018-2019,23,23112,North Kingstown,Davisville Middle School,4400750,4400750,40300500530100.0,440075000165.0,536.0,06-08,3.0,538.005555555555,ADM,14195.48,582.55,18020.24,7637247.10377777,313415.136388888,9694989.23244444,17677.36421,0,0,1,0,0,0,0
RI,2018-2019,23,23109,North Kingstown,Fishing Cove Elementary School,4400750,4400750,40300500530100.0,440075000398.0,347.0,PK-05,2.0,233.733333333333,ADM,15210.97,756.8,19209.98,3555310.72133333,176889.386666666,4490012.65866666,18867.10421,0,0,1,0,0,1,0
RI,2018-2019,23,23110,North Kingstown,Forest Park Elementary School,4400750,4400750,40300500530100.0,440075000166.0,266.0,KG-05,2.0,262.116666666666,ADM,15647.5,678.18,19567.89,4101470.54166666,177762.281,5129070.1005,19225.01421,0,0,1,0,0,0,0
RI,2018-2019,23,23111,North Kingstown,Hamilton Elementary School,4400750,4400750,40300500530100.0,440075000167.0,316.0,KG-05,2.0,318.133333333333,ADM,14539.91,437.93,18220.05,4625630.03466666,139320.130666666,5796405.23999999,17877.17421,0,0,1,0,0,0,0
RI,2018-2019,23,23108,North Kingstown,North Kingstown Senior High School,4400750,4400750,40300500530100.0,440075000168.0,1445.0,09-12,4.0,1413.47777777777,ADM,13355.72,99.96,16697.89,18878013.4262222,141291.238666666,23602096.4507777,16355.01421,0,0,1,0,0,0,0
RI,2018-2019,23,23114,North Kingstown,Stony Lane Elementary School,4400750,4400750,40300500530100.0,440075000170.0,410.0,KG-05,2.0,412.583333333333,ADM,11847.06,179.98,15269.25,4887899.505,74256.7483333333,6299838.0625,14926.37421,0,0,1,0,0,0,0
RI,2018-2019,23,23113,North Kingstown,Suzanne M. Henseler Quidnessett Elementary School,4400750,4400750,40300500530100.0,440075000169.0,269.0,KG-05,2.0,265.95,ADM,18240.9,1731.7,23214.8099999999,4851167.355,460545.615,6173978.71949999,22871.93421,0,0,1,0,0,0,0
RI,2018-2019,23,23105,North Kingstown,Wickford Middle School,4400750,4400750,40300500530100.0,440075000172.0,376.0,06-08,3.0,375.472222222222,ADM,13877.22,121.56,17240.99,5210510.63166666,45642.4033333333,6473512.82861111,16898.11421,0,0,1,0,0,0,0
RI,2018-2019,24,24112,North Providence,Birchwood Middle School,4400780,4400780,40300400830100.0,440078000173.0,444.0,06-08,3.0,443.272222222222,ADM,11970.41,30.03,16274.81,5306150.24161111,13311.4648333333,7214171.19494444,14887.30191,0,0,1,0,0,0,0
RI,2018-2019,24,24109,North Providence,Centredale School,4400780,4400780,40300400830100.0,440078000174.0,267.0,PK-05,2.0,246.555555555555,ADM,13734.53,877.4,18886.31,3386324.67444444,216327.844444444,4656524.65444444,17498.80191,0,0,1,0,0,0,0
RI,2018-2019,24,24111,North Providence,Dr. Edward A. Ricci Middle School,4400780,4400780,40300400830100.0,440078000178.0,431.0,06-08,3.0,425.471910112359,ADM,12850.24,8.86,17133.47,5467416.15820224,3769.6811235955,7289810.2077528,15745.96191,0,0,1,0,0,0,0
RI,2018-2019,24,24108,North Providence,Dr. Joseph A Whelan Elementary School,4400780,4400780,40300400830100.0,440078000182.0,256.0,KG-05,2.0,257.338888888888,ADM,11831.25,280.11,16385.74,3044640.72916666,72083.1961666666,4216688.12522222,14998.23191,0,0,1,0,0,0,0
RI,2018-2019,24,24110,North Providence,Greystone School,4400780,4400780,40300400830100.0,440078000176.0,315.0,PK-05,2.0,262.722222222222,ADM,14192.41,492.56,18959.35,3728661.49388888,129406.457777777,4981042.56388888,17571.84191,0,0,1,0,0,0,0
RI,2018-2019,24,24107,North Providence,James L. McGuire School,4400780,4400780,40300400830100.0,440078000177.0,194.0,KG-05,2.0,194.866666666666,ADM,16726.78,1057.08,22058.24,3259491.86266666,205989.656,4298415.70133333,20670.73191,0,0,1,0,0,0,0
RI,2018-2019,24,24103,North Providence,Marieville Elementary School,4400780,4400780,40300400830100.0,440078000179.0,,,,234.122222222222,ADM,13586.4,667.95,18528.73,3180878.16,156381.938333333,4337987.44255555,17141.22191,0,0,1,0,0,0,0
RI,2018-2019,24,24105,North Providence,North Providence High School,4400780,4400780,40300400830100.0,440078000180.0,1094.0,09-12,4.0,1081.02222222222,ADM,11837.78,577.71,16689.87,12796903.2417777,624517.348,18042120.356,15302.36191,0,0,1,0,0,0,0
RI,2018-2019,24,24106,North Providence,Stephen Olney School,4400780,4400780,40300400830100.0,440078000181.0,264.0,KG-05,2.0,262.927777777777,ADM,13235.36,529.85,18039.59,3479943.79288888,139312.283055555,4743109.31072222,16652.08191,0,0,1,0,0,0,0
RI,2018-2019,25,25106,North Smithfield,Dr. Harry L. Halliwell Memorial School,4400810,4400810,40300400830100.0,440081000184.0,,,,266.127777777777,ADM,11375.27,299.87,14777.0999999999,3027275.32672222,79803.7367222222,3932596.78499999,13389.59191,0,0,1,0,0,0,0
RI,2018-2019,25,25110,North Smithfield,North Smithfield Elementary School,4400810,4400810,40300400930100.0,440081000399.0,483.0,PK-04,2.0,440.8,ADM,11935.52,835.83,15873.3,5261177.216,368433.864,6996950.64,,0,0,1,0,0,0,1
RI,2018-2019,25,25108,North Smithfield,North Smithfield High School,4400810,4400810,40300400930100.0,440081000186.0,503.0,09-12,4.0,494.405555555555,ADM,15698.27,89.9,18890.11,7761311.90061111,44447.0594444444,9339375.32905555,,0,0,1,0,0,0,1
RI,2018-2019,25,25109,North Smithfield,North Smithfield Middle School,4400810,4400810,40300400930100.0,440081000469.0,400.0,05-08,3.0,397.405555555555,ADM,13919.21,112.94,17134.09,5531571.38294444,44882.9834444444,6809182.55538888,,0,0,1,0,0,0,1
RI,2018-2019,51,51601,Paul Cuffee Charter Sch,Paul Cuffee Lower School,4400032,4400032,,440003200520.0,361.0,KG-05,2.0,361,ADM,NRD,NRD,NRD,NRD,NRD,NRD,,0,0,1,0,0,1,1
RI,2018-2019,51,51602,Paul Cuffee Charter Sch,Paul Cuffee Middle School,4400032,4400032,,440003200525.0,185.0,06-08,3.0,185,ADM,NRD,NRD,NRD,NRD,NRD,NRD,,0,0,1,0,0,1,1
RI,2018-2019,51,51603,Paul Cuffee Charter Sch,Paul Cuffee Upper School,4400032,4400032,,440003200526.0,257.0,09-12,4.0,257,ADM,NRD,NRD,NRD,NRD,NRD,NRD,,0,0,1,0,0,1,1
RI,2018-2019,26,26122,Pawtucket,Agnes E. Little School,4400840,4400840,40200400330100.0,440084000187.0,377.0,KG-05,2.0,385.95,ADM,12365.18,475.64,16083.43,4772341.221,183573.258,6207399.8085,16119.527,0,0,1,0,0,0,0
RI,2018-2019,26,26118,Pawtucket,Charles E. Shea High School,4400840,4400840,40200400330100.0,440084000201.0,825.0,09-12,4.0,814.988888888888,ADM,11349.05,1332.9,15924.56,9249349.64944444,1086298.69,12978339.4604444,15960.657,0,0,1,0,0,0,0
RI,2018-2019,26,26116,Pawtucket,Curvin-McCabe School,4400840,4400840,40200400330100.0,440084000189.0,441.0,KG-05,2.0,437.088888888888,ADM,14179.98,507.28,17929.87,6197911.70266666,221726.451555555,7836946.95622222,17965.967,0,0,1,0,0,0,0
RI,2018-2019,26,26120,Pawtucket,Elizabeth Baldwin School,4400840,4400840,40200400330100.0,440084000191.0,638.0,KG-05,2.0,643.405555555555,ADM,11787.67,1119.68,16149.96,7584252.36505555,720408.332444444,10390973.986,16186.057,0,0,1,0,0,0,0
RI,2018-2019,26,26113,Pawtucket,Fallon Memorial School,4400840,4400840,40200400330100.0,440084000192.0,575.0,PK-05,2.0,458.372222222222,ADM,12308.72,998.96,16550.29,5641975.33911111,457895.515111111,7586193.20572222,16586.387,0,0,1,0,0,0,0
RI,2018-2019,26,26115,Pawtucket,Flora S. Curtis Memorial School,4400840,4400840,40200400330100.0,440084000193.0,306.0,PK-05,2.0,231.688888888888,ADM,16489.65,928.69,20660.95,3820468.68666666,215167.154222222,4786912.54888888,20697.047,0,0,1,0,0,1,0
RI,2018-2019,26,26125,Pawtucket,Francis J. Varieur School,4400840,4400840,40200400330100.0,440084000194.0,372.0,KG-06,2.0,364.661111111111,ADM,12113.86,699.56,16056.03,4417453.64744444,255102.326888888,5855009.73983333,16092.127,0,0,1,0,0,0,0
RI,2018-2019,26,26119,Pawtucket,Henry J. Winters School,4400840,4400840,40200400330100.0,440084000195.0,402.0,KG-05,2.0,401.516666666666,ADM,12309.11,629.13,16180.85,4942312.81683333,252606.1805,6496880.95583333,16216.947,0,0,1,0,0,0,0
RI,2018-2019,26,26109,Pawtucket,Jacqueline M. Walsh School for the Performing and Visual Arts,4400840,4400840,40200400330100.0,440084000466.0,216.0,09-12,4.0,212.616666666666,ADM,10276.63,308.24,13827.47,2184982.81516666,65536.9613333333,2939950.57983333,13863.567,0,0,1,0,0,0,0
RI,2018-2019,26,26103,Pawtucket,Joseph Jenks Middle School,4400840,4400840,40200400330100.0,440084000197.0,666.0,06-08,3.0,673.411111111111,ADM,11394.1,712.76,15349.47,7672913.54111111,479980.503555555,10336503.6476666,15385.567,0,0,1,0,0,0,0
RI,2018-2019,26,26107,Pawtucket,Lyman B. Goff Middle School,4400840,4400840,40200400330100.0,440084000198.0,775.0,06-08,3.0,792.366666666666,ADM,9918.46,839.35,14000.41,7859057.08866666,665072.961666666,11093458.2036666,14036.507,0,0,1,0,0,0,0
RI,2018-2019,26,26121,Pawtucket,M. Virginia Cunningham School,4400840,4400840,40200400330100.0,440084000190.0,468.0,KG-05,2.0,484.911111111111,ADM,12328.31,1199.82,16770.75,5978134.50022222,581806.049333333,8132323.01666666,16806.847,0,0,1,0,0,0,0
RI,2018-2019,26,26111,Pawtucket,Nathanael Greene School,4400840,4400840,40200400330100.0,440084000199.0,439.0,PK-05,2.0,410.911111111111,ADM,13265.33,578.82,17086.75,5450871.48955555,237843.569333333,7021135.42777777,17122.847,0,0,1,0,0,0,0
RI,2018-2019,26,26110,Pawtucket,Potter-Burns School,4400840,4400840,40200400330100.0,440084000196.0,466.0,KG-05,2.0,467.638888888888,ADM,11635.26,377.62,15255.5,5441100.05833333,176589.797222222,7134065.06944444,15291.597,0,0,1,0,0,0,0
RI,2018-2019,26,26106,Pawtucket,Samuel Slater Middle School,4400840,4400840,40200400330100.0,440084000200.0,806.0,06-08,3.0,783.716666666666,ADM,10018.99,749.11,14010.72,7852049.44616666,587089.992166666,10980434.776,14046.817,0,0,1,0,0,0,0
RI,2018-2019,26,26105,Pawtucket,William E Tolman Senior High School,4400840,4400840,40200400330100.0,440084000202.0,906.0,09-12,4.0,895.6,ADM,12045.25,756.09,16043.94,10787725.9,677154.204,14368952.664,16080.037,0,0,1,0,0,0,0
RI,2018-2019,27,27104,Portsmouth,Howard Hathaway School,4400870,4400870,40300300530100.0,440087000204.0,443.0,KG-04,2.0,442.011111111111,ADM,11449.32,430.16,14908.2899999999,5060726.65466666,190135.499555555,6589629.82766666,14232.69854,0,0,1,0,0,0,0
RI,2018-2019,27,27111,Portsmouth,Melville Elementary School,4400870,4400870,40300300530100.0,440087000206.0,333.0,PK-04,2.0,309.694444444444,ADM,15041.59,504.32,18574.72,4658296.85861111,156185.102222222,5752487.59111111,17899.12854,0,0,1,0,0,0,0
RI,2018-2019,27,27106,Portsmouth,Portsmouth High School,4400870,4400870,40300300530100.0,440087000207.0,919.0,09-12,4.0,899.483333333333,ADM,14855.48,121.27,18005.57,13362256.6686666,109080.343833333,16195710.1221666,17329.97854,0,0,1,0,0,0,0
RI,2018-2019,27,27112,Portsmouth,Portsmouth Middle School,4400870,4400870,40300300530100.0,440087000208.0,718.0,05-08,3.0,714.011111111111,ADM,14071.06,156.08,17255.95,10046893.1851111,111442.854222222,12320940.0327777,16580.35854,0,0,1,0,0,0,0
RI,2018-2019,28,28195,Providence,360 High School,4400900,4400900,40200400430100.0,440090000492.0,234.0,09-12,4.0,226.261111111111,ADM,13406.24,209.02,17901.517295205,3033310.75822222,47293.0974444444,4050417.19378787,16685.1925,0,0,1,0,0,0,0
RI,2018-2019,28,28178,Providence,Academy for Career Exploration (ACES),4400900,4400900,40200400430100.0,440090000055.0,209.0,09-12,4.0,190.088888888888,ADM,12947,706.66,17939.927295205,2461080.84444444,134328.214222222,3410180.84629298,16723.6025,0,0,1,0,0,0,0
RI,2018-2019,28,28116,Providence,Alan Shawn Feinstein Elementary at Broad Street,4400900,4400900,40200400430100.0,440090000215.0,469.0,KG-05,2.0,475.311111111111,ADM,9464.75,1089.51,14840.527295205,4498700.83888888,517856.208666666,7053867.5181587,13624.2025,0,0,1,0,0,0,0
RI,2018-2019,28,28121,Providence,"Alfred Lima, Sr. Elementary School",4400900,4400900,40200400430100.0,440090000124.0,499.0,02-05,2.0,503.088888888888,ADM,12633.24,894.1,17813.597295205,6355642.67466666,449811.775555555,8961822.87035884,16597.2725,0,0,1,0,0,0,0
RI,2018-2019,28,28181,Providence,Anthony Carnevale Elementary School,4400900,4400900,40200400430100.0,440090000162.0,550.0,PK-05,2.0,519.961111111111,ADM,20016.88,1599.55,25902.687295205,10407999.1657777,831703.795277777,13468390.0667785,24686.3625,0,0,1,0,0,0,0
RI,2018-2019,28,28115,Providence,Asa Messer Elementary School,4400900,4400900,40200400430100.0,440090000213.0,545.0,PK-04,2.0,506.772222222222,ADM,13812.99,1140.54,19239.797295205,7000039.63783333,577993.990333333,9750194.83039618,18023.4725,0,0,1,0,0,0,0
RI,2018-2019,28,28140,Providence,Carl G. Lauro Elementary School,4400900,4400900,40200400430100.0,440090000227.0,822.0,KG-05,2.0,815.577777777777,ADM,13510.98,1170.63,18967.857295205,11019255.044,954739.814,15469762.9020293,17751.5325,0,0,1,0,0,0,0
RI,2018-2019,28,28139,Providence,Central High School,4400900,4400900,40200400430100.0,440090000217.0,1203.0,09-12,4.0,1182.55,ADM,13585.37,552.19,18423.807295205,16065379.2935,652992.2845,21787073.3169447,17207.4825,0,0,1,0,0,0,0
RI,2018-2019,28,28122,Providence,Charles N. Fortes Elementary School,4400900,4400900,40200400430100.0,440090000133.0,370.0,PK-01,1.0,264.477777777777,ADM,17401.47,1058.72,22746.447295205,4602302.11566666,280007.912888888,6015929.83297518,21530.1225,0,0,1,0,0,1,0
RI,2018-2019,28,28164,Providence,Classical High School,4400900,4400900,40200400430100.0,440090000218.0,1087.0,09-12,4.0,1074.93333333333,ADM,11470.71,221.69,15978.657295205,12330248.536,238301.970666666,17175991.3485257,14762.3325,0,0,1,0,0,0,0
RI,2018-2019,28,28113,Providence,Dr. Jorge Alvarez High School,4400900,4400900,40200400430100.0,440090000344.0,755.0,09-12,4.0,758.788888888888,ADM,10682.44,303.72,15272.417295205,8105716.77822222,230459.361333333,11588540.5500761,14056.0925,0,0,1,0,0,0,0
RI,2018-2019,28,28163,Providence,"Dr. Martin Luther King, Jr. Elementary School",4400900,4400900,40200400430100.0,440090000230.0,501.0,KG-05,2.0,480.433333333333,ADM,13492.72,2146.06,19925.037295205,6482352.44533333,1031038.75933333,9572652.08452636,18708.7125,0,0,1,0,0,0,0
RI,2018-2019,28,28187,Providence,E-Cubed Academy,4400900,4400900,40200400430100.0,440090000323.0,370.0,09-12,4.0,373.222222222222,ADM,15701.77,374.85,20362.877295205,5860249.49222222,139902.35,7599878.31495487,19146.5525,0,0,1,0,0,0,0
RI,2018-2019,28,28137,Providence,Esek Hopkins Middle School,4400900,4400900,40200400430100.0,440090000401.0,552.0,06-08,3.0,559.083333333333,ADM,14581.39,601.58,19469.227295205,8152212.12583333,336333.351666666,10884920.4936275,18252.9025,0,0,1,0,0,0,0
RI,2018-2019,28,28196,Providence,Evolutions High School,4400900,4400900,40200400430100.0,440090000497.0,244.0,09-12,4.0,241.344444444444,ADM,10948.75,183.3,15418.307295205,2642419.98611111,44238.4366666666,3721122.80843499,14201.9825,0,0,1,0,0,0,0
RI,2018-2019,28,28134,Providence,Frank D. Spaziano Elementary School,4400900,4400900,40200400430100.0,440090000228.0,398.0,02-05,2.0,392.194444444444,ADM,12665.36,922.93,17874.547295205,4967283.82888888,361968.018611111,7010298.1461389,16658.2225,0,0,1,0,0,0,0
RI,2018-2019,28,28106,Providence,Frank D. Spaziano Elementary School Annex,4400900,4400900,40200400430100.0,440090000093.0,173.0,KG-01,1.0,177.605555555555,ADM,11453.83,1293.3,17033.387295205,2034263.84038888,229697.264999999,3025224.21355784,15817.0625,0,0,1,0,0,0,0
RI,2018-2019,28,28135,Providence,George J. West Elementary School,4400900,4400900,40200400430100.0,440090000222.0,730.0,KG-05,2.0,723.372222222222,ADM,11284.56,979.84,16550.657295205,8162937.244,708789.038222222,11972285.7468709,15334.3325,0,0,1,0,0,0,0
RI,2018-2019,28,28144,Providence,Gilbert Stuart Middle School,4400900,4400900,40200400430100.0,440090000223.0,907.0,06-08,3.0,917.144444444444,ADM,12212.73,443.22,16942.207295205,11200837.4709999,406496.760666666,15538451.2974234,15725.8825,0,0,1,0,0,0,0
RI,2018-2019,28,28182,Providence,Governor Christopher DelSesto Middle School,4400900,4400900,40200400430100.0,440090000175.0,902.0,06-08,3.0,895.855555555555,ADM,13160.92,649.79,18096.967295205,11790283.2982222,582117.981444444,16212268.6901166,16880.6425,0,0,1,0,0,0,0
RI,2018-2019,28,28161,Providence,Harry Kizirian Elementary School,4400900,4400900,40200400430100.0,440090000216.0,574.0,KG-05,2.0,581.477777777777,ADM,10946.57,1059.78,16292.617295205,6365187.19788888,616238.519333333,9473794.89899964,15076.2925,0,0,1,0,0,0,0
RI,2018-2019,28,28149,Providence,Hope High School,4400900,4400900,40200400430100.0,440090000224.0,999.0,09-12,4.0,991.477777777777,ADM,15052.27,396.28,19734.807295205,14923991.2101111,392902.813777777,19566622.8819226,18518.4825,0,0,1,0,0,0,0
RI,2018-2019,28,28103,Providence,Leviton Dual Language School,4400900,4400900,40200400430100.0,440090000237.0,271.0,KG-05,2.0,270.077777777777,ADM,13830.89,1318.09,19435.237295205,3735416.03588888,355986.818111111,5249025.69927277,18218.9125,0,0,1,0,0,0,0
RI,2018-2019,28,28157,Providence,"Lillian Feinstein Elementary, Sackett Street",4400900,4400900,40200400430100.0,440090000243.0,439.0,KG-05,2.0,451.95,ADM,11963.55,1180.35,17430.157295205,5406926.4225,533459.1825,7877559.58956794,16213.8325,0,0,1,0,0,0,0
RI,2018-2019,28,28160,Providence,Mary E. Fogarty Elementary School,4400900,4400900,40200400430100.0,440090000231.0,455.0,KG-05,2.0,468.522222222222,ADM,12416.35,1313.66,18016.267295205,5817335.89388888,615478.902444444,8441021.58929903,16799.9425,0,0,1,0,0,0,0
RI,2018-2019,28,28150,Providence,Mount Pleasant High School,4400900,4400900,40200400430100.0,440090000232.0,921.0,09-12,4.0,892.372222222222,ADM,18240.7,874.71,23401.667295205,16277493.9938888,780566.9065,20882997.8479272,22185.3425,0,0,1,0,0,0,0
RI,2018-2019,28,28143,Providence,Nathan Bishop Middle School,4400900,4400900,40200400430100.0,440090000474.0,689.0,06-08,3.0,697.961111111111,ADM,16862.16,615.09,21763.507295205,11769131.9293333,429308.899833333,15190081.7334361,20547.1825,0,0,1,0,0,0,0
RI,2018-2019,28,28145,Providence,Nathanael Greene Middle School,4400900,4400900,40200400430100.0,440090000234.0,976.0,06-08,3.0,987.411111111111,ADM,12838.39,507.39,17632.037295205,12676768.9347777,501002.523666666,17410069.536811,16415.7125,0,0,1,0,0,0,0
RI,2018-2019,28,28165,Providence,Pleasant View School,4400900,4400900,40200400430100.0,440090000236.0,429.0,PK-05,2.0,294.227777777777,ADM,22334.41,2833.74,29454.407295205,6571403.82227777,833765.022999999,8666304.80422976,28238.0825,0,0,1,0,0,1,0
RI,2018-2019,28,28193,Providence,Providence Career and Technical Academy,4400900,4400900,40200400430100.0,440090000467.0,662.0,09-12,4.0,652.766666666666,ADM,19851.54,1249.59,25387.387295205,12958423.594,815690.698999999,16572040.1800667,24171.0625,0,0,1,0,0,0,0
RI,2018-2019,28,28142,Providence,Reservoir Avenue School,4400900,4400900,40200400430100.0,440090000240.0,285.0,KG-05,2.0,288.144444444444,ADM,11427.41,1396.26,17109.937295205,3292744.70588888,402324.562,4930133.37640615,15893.6125,0,0,1,0,0,0,0
RI,2018-2019,28,28138,Providence,Robert F. Kennedy Elementary School,4400900,4400900,40200400430100.0,440090000241.0,475.0,PK-05,2.0,459.488888888888,ADM,11046.13,1547.74,16880.127295205,5075574.00022222,711169.332888888,7756230.93517679,15663.8025,0,0,1,0,0,0,0
RI,2018-2019,28,28156,Providence,"Robert L Bailey IV, Elementary School",4400900,4400900,40200400430100.0,440090000071.0,386.0,KG-05,2.0,392.611111111111,ADM,18232.39,1399.12,23917.767295205,7158238.89611111,549310.057777777,9390381.19306746,22701.4425,0,0,1,0,0,0,0
RI,2018-2019,28,28147,Providence,Roger Williams Middle School,4400900,4400900,40200400430100.0,440090000242.0,789.0,06-08,3.0,775.3,ADM,14073.51,734.59,19094.357295205,10911192.303,569527.627,14803855.2109725,17878.0325,0,0,1,0,0,0,0
RI,2018-2019,28,28162,Providence,"The Sgt. Cornel Young, Jr & Charlotte Woods Elementary School @ The B. Jae Clanton Complex",4400900,4400900,40200400430100.0,440090000156.0,636.0,KG-05,2.0,648.744444444444,ADM,11951.28,1311.68,17549.217295205,7753326.504,850945.112888889,11384957.2246126,16332.8925,0,0,1,0,0,0,0
RI,2018-2019,28,28170,Providence,Times2 Academy,4400900,4400900,40200400430100.0,440090000157.0,,,,727.138888888888,ADM,12099.6319227648,,16385.7413078389,8798112.91228372,,11914709.7282028,15169.41651,0,0,1,0,0,0,0
RI,2018-2019,28,28170el,Providence,Times2 Academy (Elem),4400900,4400900,40200400430100.0,,,,,334.561111111111,ADM,12004.98,0,,4016399.44766666,0,,,0,0,1,0,0,0,0
RI,2018-2019,28,28170hs,Providence,Times2 Academy (High),4400900,4400900,40200400430100.0,,,,,148.783333333333,ADM,11171.32,0,,1662106.22733333,0,,,0,0,1,0,0,0,0
RI,2018-2019,28,28170ms,Providence,Times2 Academy (Middle),4400900,4400900,40200400430100.0,,,,,195.883333333333,ADM,13736.63,0,,2690776.87316666,0,,,0,0,1,0,0,0,0
RI,2018-2019,28,28197,Providence,Times2 Elementary School,4400900,4400900,40200400430100.0,440090000528.0,,KG-06,2.0,NRD,ADM,NRD,NRD,NRD,NRD,NRD,NRD,,0,0,1,0,0,1,0
RI,2018-2019,28,28198,Providence,Times2 Middle/High School,4400900,4400900,40200400430100.0,440090000530.0,,07-12,4.0,NRD,ADM,NRD,NRD,NRD,NRD,NRD,NRD,,0,0,1,0,0,1,0
RI,2018-2019,28,28151,Providence,Vartan Gregorian Elementary School,4400900,4400900,40200400430100.0,440090000221.0,351.0,KG-05,2.0,353.988888888888,ADM,15842.16,2638.56,22766.977295205,5607948.61599999,934020.922666666,8059256.99608821,21550.6525,0,0,1,0,0,0,0
RI,2018-2019,28,28130,Providence,Veazie Street School,4400900,4400900,40200400430100.0,440090000013.0,529.0,KG-05,2.0,535.488888888888,ADM,12168.37,1236.54,17691.157295205,6516026.93088889,662153.430666666,9473418.16316793,16474.8325,0,0,1,0,0,0,0
RI,2018-2019,28,28127,Providence,Webster Avenue School,4400900,4400900,40200400430100.0,440090000247.0,307.0,KG-05,2.0,309.422222222222,ADM,13423.12,1936.08,19645.457295205,4153411.61955555,599066.176,6078741.05285412,18429.1325,0,0,1,0,0,0,0
RI,2018-2019,28,28194,Providence,West Broadway Middle School,4400900,4400900,40200400430100.0,440090000491.0,468.0,05-08,3.0,471.794444444444,ADM,14499.17,423.51,19208.937295205,6840627.85505555,199809.665166666,9062669.89955945,17992.6125,0,0,1,0,0,0,0
RI,2018-2019,28,28189,Providence,"William B. Cooley, Sr. High School and the Providence Academy of International Studies High School",4400900,4400900,40200400430100.0,440090000209.0,416.0,09-12,4.0,416.877777777777,ADM,21631.62,566.55,26484.427295205,9017741.67533333,236182.104999999,11040769.1965422,25268.1025,0,0,1,0,0,0,0
RI,2018-2019,28,28153,Providence,William D'Abate Elementary School,4400900,4400900,40200400430100.0,440090000248.0,400.0,KG-05,2.0,406.133333333333,ADM,10740.7,983.26,16010.217295205,4362156.29333333,399334.661333333,6502282.91749262,14793.8925,0,0,1,0,0,0,0
RI,2018-2019,50,28702,R.I. Sch for the Deaf,Rhode Island School for the Deaf,4400001,4400001,,440000100380.0,77.0,PK-12,4.0,65.0274725274725,ADM,84391.6442110656,1908.2634477459,109842.443517046,5487775.3254833,124089.548923476,7142776.47815516,128183.0087,0,0,1,0,0,1,0
RI,2018-2019,50,28702el,R.I. Sch for the Deaf,Rhode Island School for the Deaf (Elem),4400001,4400001,,,,,,26.0384615384615,ADM,80092.59,1598.53,,2085487.82423076,41623.2619230769,,,0,0,1,0,0,0,0
RI,2018-2019,50,28702hs,R.I. Sch for the Deaf,Rhode Island School for the Deaf (High),4400001,4400001,,,,,,21,ADM,87588.55,3099.27,,1839359.55,65084.67,,,0,0,1,0,0,0,0
RI,2018-2019,50,28702ms,R.I. Sch for the Deaf,Rhode Island School for the Deaf (Middle),4400001,4400001,,,,,,12.9890109890109,ADM,90316.28,328.15,,1173119.15340659,4262.34395604395,,,0,0,1,0,0,0,0
RI,2018-2019,63,28607,Rhode Island Nurses Institute Middle College,RI Nurses Institute Middle College Charter High School,4400019,4400019,,440001900479.0,272.0,09-12,4.0,269.215469613259,ADM,12581.08,1614.42,15666.42,3387021.36044198,434626.838453038,4217642.61745856,,0,0,1,0,0,1,1
RI,2018-2019,79,39602,RISE Prep Mayoral Academy,RISE Prep Mayoral Academy,4400029,4400029,,440002900494.0,220.0,KG-04,2.0,219.027777777777,ADM,9479.48,533.97,12697.62,2076269.43888888,116954.2625,2781131.49166666,13347.02231,0,0,1,0,0,0,0
RI,2018-2019,30,30103,Scituate,Clayville Elementary School,4400960,4400960,40300401030100.0,440096000252.0,141.0,PK-05,2.0,127.016666666666,ADM,16348.65,10.13,18860.72,2076551.02749999,1286.67883333333,2395625.78533333,18766.56264,0,0,1,0,0,0,0
RI,2018-2019,30,30102,Scituate,Hope Elementary School,4400960,4400960,40300401030100.0,440096000253.0,174.0,KG-05,2.0,174.033333333333,ADM,16528.62,1468.24,20498.8,2876530.834,255522.701333333,3567474.49333333,20404.64264,0,0,1,0,0,0,0
RI,2018-2019,30,30106,Scituate,North Scituate Elementary School,4400960,4400960,40300401030100.0,440096000254.0,210.0,KG-05,2.0,209.35,ADM,14232.55,7.06,16741.54,2979584.3425,1478.011,3504841.399,16647.38264,0,0,1,0,0,0,0
RI,2018-2019,30,30104,Scituate,Scituate High School,4400960,4400960,40300401030100.0,440096000255.0,383.0,09-12,4.0,378.161111111111,ADM,21107.16,65.56,23674.66,7981907.078,24792.2424444444,8952835.73077777,23580.50264,0,0,1,0,0,0,0
RI,2018-2019,30,30105,Scituate,Scituate Middle School,4400960,4400960,40300401030100.0,440096000036.0,322.0,06-08,3.0,323.005555555555,ADM,16436.69,5.72,18944.35,5309142.18494444,1847.59177777777,6119130.29638888,18850.19264,0,0,1,0,0,0,0
RI,2018-2019,46,04602,Segue Institute for Learning,Segue Institute for Learning,4400014,4400014,,440001400472.0,236.0,04-08,3.0,234.855614973262,ADM,12540.87,1229.11,16518.76,2945293.73614973,288663.384919786,3879523.53839572,16385.18568,0,0,1,0,0,0,0
RI,2018-2019,42,28610,Sheila Skip Nowell Leadership Academy,Sheila Skip Nowell Leadership Academy (Capital Campus),4400024,4400024,,440002400483.0,93.0,09-12,4.0,87.4301075268817,ADM,11665.93,1807.37,16190.1099999999,1019953.51430107,158018.55344086,1415503.05817204,17054.90648,0,0,1,0,0,0,0
RI,2018-2019,42,04603,Sheila Skip Nowell Leadership Academy,Sheila Skip Nowell Leadership Academy (Central Campus),4400024,4400024,,440002400484.0,67.0,11-12,4.0,75.7741935483871,ADM,13925.46,1043.55,17685.83,1055190.50129032,79074.1596774193,1340129.50548387,18550.62648,0,0,1,0,0,0,0
RI,2018-2019,31,31105,Smithfield,Anna M. McCabe School,4400990,4400990,40300401130100.0,440099000256.0,314.0,PK-05,2.0,267.15,ADM,15355.53,1425.03,18600.78,4102229.8395,380696.764499999,4969198.377,18489.6379,0,0,1,0,0,0,0
RI,2018-2019,31,31104,Smithfield,Old County Road School,4400990,4400990,40300401130100.0,440099000258.0,231.0,KG-05,2.0,232.033333333333,ADM,16507.79,1235.52,19563.53,3830357.53966666,286681.824,4539391.07766666,19452.3879,0,0,1,0,0,0,0
RI,2018-2019,31,31108,Smithfield,Raymond C. LaPerche School,4400990,4400990,40300401130100.0,440099000257.0,261.0,KG-05,2.0,255.044444444444,ADM,16275.58,128.1,18223.9,4150996.25911111,32671.1933333333,4647904.45111111,18112.7579,0,0,1,0,0,0,0
RI,2018-2019,31,31107,Smithfield,Smithfield Senior High School,4400990,4400990,40300401130100.0,440099000259.0,720.0,09-12,4.0,724.888888888888,ADM,16298.92,273.17,18392.31,11814906.0088888,198017.897777777,13332381.16,18281.1679,0,0,1,0,0,0,0
RI,2018-2019,31,31109,Smithfield,Vincent J. Gallagher Middle School,4400990,4400990,40300401130100.0,440099000260.0,621.0,06-08,3.0,622.744444444444,ADM,13651.33,66.48,15538.0299999999,8501289.91677777,41400.0506666666,9676221.86011111,15426.8879,0,0,1,0,0,0,0
RI,2018-2019,31,31103,Smithfield,William Winsor School,4400990,4400990,40300401130100.0,440099000261.0,266.0,KG-05,2.0,267.016666666666,ADM,12285.21,144.95,14250.38,3280355.82349999,38704.0658333333,3805088.96633333,14139.2379,0,0,1,0,0,0,0
RI,2018-2019,32,32114,South Kingstown,Broad Rock Middle School,4401020,4401020,40300500730100.0,440102000210.0,450.0,05-06,2.0,446.205555555555,ADM,17820.82,124.06,21644.78,7951748.88855555,55356.2612222222,9658021.08477777,20662.61021,0,0,1,0,0,0,0
RI,2018-2019,32,32110,South Kingstown,Curtis Corner Middle School,4401020,4401020,40300500730100.0,440102000266.0,489.0,07-08,3.0,486.194444444444,ADM,18296.84,85.18,22081.92,8895821.95888888,41414.0427777777,10736106.8266666,21099.75021,0,0,1,0,0,0,0
RI,2018-2019,32,32113,South Kingstown,Matunuck School,4401020,4401020,40300500730100.0,440102000263.0,181.0,KG-04,2.0,177.055555555555,ADM,21700.01,624.29,26024.2,3842107.32611111,110534.012777777,4607729.18888889,25042.03021,0,0,1,0,0,0,0
RI,2018-2019,32,32107,South Kingstown,Peace Dale Elementary School,4401020,4401020,40300500730100.0,440102000264.0,427.0,PK-04,2.0,392.911111111111,ADM,17011.15,569.82,21280.87,6683869.84777777,223888.609333333,8361490.27711111,20298.70021,0,0,1,0,0,0,0
RI,2018-2019,32,32108,South Kingstown,South Kingstown High School,4401020,4401020,40300500730100.0,440102000265.0,940.0,09-12,4.0,927.061111111111,ADM,17126.35,53.88,20880.13,15877173.0602777,49950.0526666666,19357156.5179444,19897.96021,0,0,1,0,0,0,0
RI,2018-2019,32,32103,South Kingstown,Wakefield Elementary School,4401020,4401020,40300500730100.0,440102000269.0,176.0,KG-04,2.0,177.3,ADM,18903.91,413.47,23017.28,3351663.243,73308.231,4080963.744,22035.11021,0,0,1,0,0,0,0
RI,2018-2019,32,32112,South Kingstown,West Kingston Elementary School,4401020,4401020,40300500730100.0,440102000270.0,297.0,PK-04,2.0,273.822222222222,ADM,18732.72,897.97,23330.59,5129435.01866666,245884.140888888,6388433.99955555,22348.42021,0,0,1,0,0,0,0
RI,2018-2019,43,28611,SouthSide Charter School,SouthSide Elementary Charter School,4400028,4400028,,440002800490.0,118.0,KG-05,2.0,118.384210526315,ADM,12734.77,647.18,17024.44,1507595.69268421,76615.893368421,2015424.88905263,17639.48331,0,0,1,0,0,0,0
RI,2018-2019,55,23601,The Compass School,The Compass School,4400035,4400035,,440003500245.0,177.0,KG-08,3.0,176.916666666666,ADM,10948.8987678047,171.501243499887,15794.8300113045,1937042.67367078,30341.4283291883,2794368.67616662,15905.74145,0,0,1,0,0,0,0
RI,2018-2019,55,23601el,The Compass School,The Compass School (Elem),4400035,4400035,,,,,,117.916666666666,ADM,10282.38,173.94,,1212463.97499999,20510.425,,,0,0,1,0,0,0,0
RI,2018-2019,55,23601ms,The Compass School,The Compass School (Middle),4400035,4400035,,,,,,41,ADM,13159.32,163.41,,539532.12,6699.80999999999,,,0,0,1,0,0,0,0
RI,2018-2019,62,97601,The Greene School,The Greene School,4400017,4400017,,440001700477.0,202.0,09-12,4.0,198.583333333333,ADM,12177.03,508.3,15579.7799999999,2418155.2075,100939.908333333,3093884.645,15332.82631,0,0,1,0,0,0,0
RI,2018-2019,68,28613,The Hope Academy,The Hope Academy,4400027,4400027,,440002700489.0,178.0,KG-05,2.0,178.402173913043,ADM,10403.63,695.16,12551.51,1856030.20858695,124018.055217391,2239216.6698913,,0,0,1,0,0,1,1
RI,2018-2019,33,33106,Tiverton,Fort Barton School,4401050,4401050,40300300630100.0,440105000357.0,207.0,KG-04,2.0,208.027777777777,ADM,16580.41,52,20206.38,3449185.84694444,10817.4444444444,4203488.32833333,18886.78658,0,0,1,0,0,0,0
RI,2018-2019,33,33107,Tiverton,Pocasset School,4401050,4401050,40300300630100.0,440105000273.0,253.0,PK-04,2.0,228.383333333333,ADM,15123.45,755.37,19452.79,3453943.9225,172513.9185,4442693.02283333,18133.19658,0,0,1,0,0,0,0
RI,2018-2019,33,33108,Tiverton,Tiverton High School,4401050,4401050,40300300630100.0,440105000274.0,511.0,09-12,4.0,503.144444444444,ADM,17964.58,115.62,21654.17,9038778.62377777,58173.5606666666,10895175.3345555,20334.57658,0,0,1,0,0,0,0
RI,2018-2019,33,33110,Tiverton,Tiverton Middle School,4401050,4401050,40300300630100.0,440105000275.0,542.0,05-08,3.0,536,ADM,15652.64,213.64,19440.25,8389815.04,114511.04,10419974,18120.65658,0,0,1,0,0,0,0
RI,2018-2019,33,33105,Tiverton,Walter E. Ranger School,4401050,4401050,40300300630100.0,440105000276.0,225.0,PK-04,2.0,220.494444444444,ADM,14849.97,14.56,18438.5,3274335.88516666,3210.39911111111,4065586.81388888,17118.90658,0,0,1,0,0,0,0
RI,2018-2019,61,28606,Trinity Academy for the Performing Arts,Trinity Academy for the Performing Arts,4400018,4400018,,440001800478.0,215.0,07-12,4.0,210.577540106951,ADM,10625.6630259284,1153.15124893152,16107.8918684335,2237525.98200539,242827.753371258,3391960.24596352,17615.05352,0,0,1,0,0,0,0
RI,2018-2019,61,28606hs,Trinity Academy for the Performing Arts,Trinity Academy for the Performing Arts (High),4400018,4400018,,,,,,98.283422459893,ADM,10830.09,903.56,,1064418.31074866,88804.9691978609,,,0,0,1,0,0,0,0
RI,2018-2019,61,28606ms,Trinity Academy for the Performing Arts,Trinity Academy for the Performing Arts (Middle),4400018,4400018,,,,,,112.294117647058,ADM,10259.97,1600.1,,1152134.27823529,179681.817647058,,,0,0,1,0,0,0,0
RI,2018-2019,49,28167,Urban Collaborative,Urban Collaborative Accelerated Program,4400005,4400005,40500420200000.0,440000500271.0,135.0,07-08,3.0,136.602209944751,ADM,14888.69,1339.68,18913.06,2033827.95718232,183003.248618784,2583565.79281767,,0,0,1,0,0,1,1
RI,2018-2019,64,28608,Village Green Virtual,Village Green Virtual Charter School,4400025,4400025,,440002500487.0,225.0,09-12,4.0,220.611111111111,ADM,11338.38,1384.3,14791.44,2501372.61,305391.961111111,3263156.01333333,,0,0,1,0,0,1,1
RI,2018-2019,35,35131,Warwick,Cedar Hill School,4401110,4401110,40200200130100.0,440111000285.0,336.0,KG-05,2.0,330.707182320442,ADM,16172.16,217.13,20002.7,5348249.46563535,71806.4504972375,6615036.5558011,22656.4003,0,0,1,0,0,0,0
RI,2018-2019,35,35136,Warwick,Cottrell F. Hoxsie School,4401110,4401110,40200200130100.0,440111000294.0,306.0,KG-05,2.0,307.777777777777,ADM,13384.92,664.89,17663.22,4119580.93333333,204638.366666666,5436346.6,20316.9203,0,0,1,0,0,0,0
RI,2018-2019,35,35121,Warwick,E. G. Robertson School,4401110,4401110,40200200130100.0,440111000304.0,291.0,KG-05,2.0,289.827777777777,ADM,12275.25,107.09,15995.74,3557708.42916666,31037.6567222222,4636009.77811111,18649.4403,0,0,1,0,0,0,0
RI,2018-2019,35,35114,Warwick,Greenwood School,4401110,4401110,40200200130100.0,440111000291.0,274.0,KG-05,2.0,271.533333333333,ADM,13243.87,97.76,16955.03,3596152.16733333,26545.0986666666,4603855.81266666,19608.7303,0,0,1,0,0,0,0
RI,2018-2019,35,35135,Warwick,Harold F. Scott School,4401110,4401110,40200200130100.0,440111000305.0,309.0,KG-05,2.0,306.45,ADM,12416.21,105.65,16135.28,3804947.55449999,32376.4425,4944656.556,18788.9803,0,0,1,0,0,0,0
RI,2018-2019,35,35128,Warwick,Holliman School,4401110,4401110,40200200130100.0,440111000293.0,309.0,KG-05,2.0,312.827777777777,ADM,12643.9,432.68,16689.9899999999,3955363.13944444,135354.322888888,5221092.48283333,19343.6903,0,0,1,0,0,0,0
RI,2018-2019,35,35123,Warwick,Lippitt School,4401110,4401110,40200200130100.0,440111000296.0,250.0,KG-05,2.0,249.711111111111,ADM,21233.6,711.34,25558.35,5302265.84888888,177629.501777777,6382203.97666666,28212.0503,0,0,1,0,0,0,0
RI,2018-2019,35,35101,Warwick,Norwood School,4401110,4401110,40200200130100.0,440111000298.0,253.0,KG-05,2.0,250.283333333333,ADM,28442.07,921.04,32976.53,7118576.0865,230520.961333333,8253475.85016666,35630.2303,0,0,1,0,0,0,0
RI,2018-2019,35,35104,Warwick,Oakland Beach Elementary School,4401110,4401110,40200200130100.0,440111000299.0,382.0,PK-05,2.0,365.177777777777,ADM,16375.89,1432.44,21421.74,5980111.11933333,523095.256,7822743.40933333,24075.4403,0,0,1,0,0,0,0
RI,2018-2019,35,35132,Warwick,Park School,4401110,4401110,40200200130100.0,440111000300.0,265.0,KG-05,2.0,267.677777777777,ADM,19491.44,622.49,23727.35,5217425.34488888,166626.739888888,6351284.32055555,26381.0503,0,0,1,0,0,0,0
RI,2018-2019,35,35134,Warwick,Pilgrim High School,4401110,4401110,40200200130100.0,440111000301.0,1379.0,09-12,4.0,1370.71666666666,ADM,16170.99,682.06,20503.36,22165845.5095,934911.009666666,28104297.2746666,23157.0603,0,0,1,0,0,0,0
RI,2018-2019,35,35127,Warwick,Sherman School,4401110,4401110,40200200130100.0,440111000306.0,314.0,KG-05,2.0,310.255555555555,ADM,12964.44,116.73,16694.58,4022289.53466666,36216.131,5179586.19266666,19348.2803,0,0,1,0,0,0,0
RI,2018-2019,35,35138,Warwick,Toll Gate High School,4401110,4401110,40200200130100.0,440111000307.0,1217.0,09-12,4.0,1195.40782122905,ADM,15805.03,441.37,19854.4,18893456.4767597,527617.150055866,23734105.04581,22508.1003,0,0,1,0,0,0,0
RI,2018-2019,35,35140,Warwick,Warwick Career and Tech Center,4401110,4401110,40200200130100.0,440111000462.0,,09-12,4.0,NRD,ADM,NRD,NRD,NRD,NRD,NRD,NRD,,0,0,1,0,0,1,0
RI,2018-2019,35,35137,Warwick,Warwick Early Learning Center at John Brown Francis,4401110,4401110,40200200130100.0,440111000287.0,204.0,PK-PK,1.0,,ADM,734.81,44.18,4392.4,,,,7046.100301,0,0,1,0,0,1,0
RI,2018-2019,35,35133,Warwick,Warwick Neck School,4401110,4401110,40200200130100.0,440111000308.0,272.0,KG-05,2.0,271.061111111111,ADM,14559.08,784.87,18957.37,3946400.40155555,212747.734277777,5138605.77594444,21611.0703,0,0,1,0,0,0,0
RI,2018-2019,35,35142,Warwick,Warwick Veterans Middle School,4401110,4401110,40200200130100.0,440111000512.0,1179.0,06-08,3.0,1179,ADM,NRD,NRD,NRD,NRD,NRD,NRD,,0,0,1,0,0,1,0
RI,2018-2019,35,35139,Warwick,Winman Middle School,4401110,4401110,40200200130100.0,440111000311.0,776.0,06-08,3.0,775.072625698324,ADM,16946.43,424.29,20984.13,13134713.9963128,328855.564357541,16264224.7370949,23637.8303,0,0,1,0,0,0,0
RI,2018-2019,35,35119,Warwick,Wyman School,4401110,4401110,40200200130100.0,440111000312.0,327.0,KG-05,2.0,328.072222222222,ADM,13433.94,807.41,17854.77,4407302.549,264888.792944444,5857654.07116666,20508.4703,0,0,1,0,0,0,0
RI,2018-2019,38,38109,West Warwick,Greenbush Elementary School,4401140,4401140,40300200430100.0,440114000402.0,477.0,KG-04,2.0,472.840659340659,ADM,12969.8,299.36,16702.88,6132648.78351648,141549.579780219,7897800.79208791,16318.95941,0,0,1,0,0,0,0
RI,2018-2019,38,38107,West Warwick,John F. Deering Middle School,4401140,4401140,40300200430100.0,440114000313.0,1097.0,05-08,3.0,1094.94505494505,ADM,13602.48,228.72,17264.92,14893968.210989,250435.832967032,18904138.7780219,16880.99941,0,0,1,0,0,0,0
RI,2018-2019,38,38104,West Warwick,John F. Horgan Elementary School,4401140,4401140,40300200430100.0,440114000315.0,535.0,KG-04,2.0,539.428571428571,ADM,10989.07,1276.04,15698.83,5927818.33142857,688332.434285714,8468397.44,15314.90941,0,0,1,0,0,0,0
RI,2018-2019,38,38105,West Warwick,Maisie E. Quinn Elementary School,4401140,4401140,40300200430100.0,440114000514.0,60.0,PK-PK,1.0,,ADM,52279.89,2660.15,58373.76,,,,57989.83941,0,0,1,0,0,1,0
RI,2018-2019,38,38111,West Warwick,Wakefield Hills Elementary School,4401140,4401140,40300200430100.0,440114000238.0,405.0,PK-04,2.0,405.681318681318,ADM,15885.95,764.86,20084.53,6444633.14450549,310289.413406593,8147918.6154945,19700.60941,0,0,1,0,0,0,0
RI,2018-2019,38,38106,West Warwick,West Warwick Senior High School,4401140,4401140,40300200430100.0,440114000318.0,962.0,09-12,4.0,956.983516483516,ADM,13870.35,215.34,17519.42,13273696.3178571,206076.83043956,16765796.1583516,17135.49941,0,0,1,0,0,0,0
RI,2018-2019,36,36109,Westerly,Dunn's Corners School,4401170,4401170,40300500830100.0,440117000321.0,315.0,KG-04,2.0,315.32967032967,ADM,16742.78,149.28,21981.66,5279495.29780219,47072.4131868131,6931469.6010989,20078.21464,0,0,1,0,0,0,0
RI,2018-2019,36,36111,Westerly,Springbrook Elementary School,4401170,4401170,40300500830100.0,440117000120.0,301.0,KG-04,2.0,299.5,ADM,16631.66,1453.27,23174.54,4981182.17,435254.365,6940774.73,21271.09464,0,0,1,0,0,0,0
RI,2018-2019,36,36106,Westerly,State Street School,4401170,4401170,40300500830100.0,440117000362.0,304.0,KG-04,2.0,303.450549450549,ADM,17666.36,721.16,23477.13,5360866.64879121,218836.398241758,7124147.99802197,21573.68464,0,0,1,0,0,0,0
RI,2018-2019,36,36104,Westerly,Westerly High School,4401170,4401170,40300500830100.0,440117000325.0,806.0,09-12,4.0,795.862637362637,ADM,20456.2,156.71,25702.52,16280325.2824175,124719.633901098,20455675.3540659,23799.07464,0,0,1,0,0,0,0
RI,2018-2019,36,36113,Westerly,Westerly Inclusion Preschool P,4401170,4401170,40300500830100.0,440117000499.0,109.0,PK-PK,1.0,109,ADM,NRD,NRD,NRD,NRD,NRD,NRD,,0,0,1,0,0,1,0
RI,2018-2019,36,36103,Westerly,Westerly Middle School,4401170,4401170,40300500830100.0,440117000319.0,836.0,05-08,3.0,832.796703296703,ADM,16547.83,264.97,21902.41,13780978.2707142,220666.142472527,18240254.8422527,19998.96464,0,0,1,0,0,0,0
RI,2018-2019,39,39118,Woonsocket,Bernon Heights School,4401200,4401200,40200400530100.0,440120000327.0,448.0,KG-05,2.0,437.605555555555,ADM,9729.72,995.72,14031.58,4257779.526,435732.603777777,6140297.36122222,17996.69444,0,0,1,0,0,0,0
RI,2018-2019,39,39117,Woonsocket,Citizens Memorial School,4401200,4401200,40200400530100.0,440120000329.0,,,,392.633333333333,ADM,10128.42,1187.99,14622.56,3976755.306,466444.473666666,5741304.47466666,18587.67444,0,0,1,0,0,0,0
RI,2018-2019,39,39119,Woonsocket,Globe Park School,4401200,4401200,40200400530100.0,440120000334.0,503.0,PK-05,2.0,502.816666666666,ADM,10778.55,1209.37,15294.06,5419634.5825,608091.392166666,7690108.26899999,19259.17444,0,0,1,0,0,0,0
RI,2018-2019,39,39110,Woonsocket,Governor Aram J. Pothier School,4401200,4401200,40200400530100.0,440120000340.0,,,,380.783333333333,ADM,11684.35,2379.87,17370.36,4449205.74083333,906214.831499999,6614343.58199999,21335.47444,0,0,1,0,0,0,0
RI,2018-2019,39,39101,Woonsocket,Harris School,4401200,4401200,40200400530100.0,440120000336.0,441.0,KG-05,2.0,442.983333333333,ADM,9477.32,1107.92,13891.39,4198294.80466666,490790.094666666,6153654.24683333,17856.50444,0,0,1,0,0,0,0
RI,2018-2019,39,39128,Woonsocket,Kevin K. Coleman Elementary School,4401200,4401200,40200400530100.0,440120000331.0,288.0,KG-05,2.0,290.427777777777,ADM,9117.77,1368.61,13792.5199999999,2648053.67938888,397482.360944444,4005730.93355555,17757.63444,0,0,1,0,0,0,0
RI,2018-2019,39,39120,Woonsocket,Leo A. Savoie School,4401200,4401200,40200400530100.0,440120000330.0,401.0,KG-05,2.0,398.494444444444,ADM,10618.09,959.06,14883.2899999999,4231249.87561111,382180.081888888,5930908.38005555,18848.40444,0,0,1,0,0,0,0
RI,2018-2019,39,39133,Woonsocket,Pothier-Citizens Elem Campus,4401200,4401200,40200400530100.0,440120000531.0,,PK-05,2.0,NRD,ADM,NRD,NRD,NRD,NRD,NRD,NRD,,0,0,1,0,0,1,0
RI,2018-2019,39,39127,Woonsocket,Woonsocket Career an Tech Ctr.,4401200,4401200,40200400530100.0,440120000464.0,,09-12,4.0,NRD,ADM,NRD,NRD,NRD,NRD,NRD,NRD,,0,0,1,0,0,1,0
RI,2018-2019,39,39123,Woonsocket,Woonsocket High School,4401200,4401200,40200400530100.0,440120000345.0,1614.0,09-12,4.0,1599.61111111111,ADM,10212.97,420.85,13939.96,16336780.2894444,673196.336111111,22298514.9044444,17905.07444,0,0,1,0,0,0,0
RI,2018-2019,39,39132,Woonsocket,Woonsocket Middle @ Villa Nova,4401200,4401200,40200400530100.0,440120000517.0,691.0,06-08,3.0,691,ADM,NRD,NRD,NRD,NRD,NRD,NRD,,0,0,1,0,0,1,0
RI,2018-2019,39,39131,Woonsocket,Woonsocket Middle at Hamlet,4401200,4401200,40200400530100.0,440120000516.0,693.0,06-08,3.0,693,ADM,NRD,NRD,NRD,NRD,NRD,NRD,,0,0,1,0,0,1,0
