state,year,distid_stateassigned,schoolid_stateassigned,distname,schoolname,ncesdistid_admin,ncesdistid_geo,census_id,ncesid,ncesenroll,gradespan,level,enroll_raw_WY,enrollmetric,pp_stloc_raw_WY,pp_fed_raw_WY,pp_total_raw_WY,pp_site_stloc_raw_WY,pp_site_fed_raw_WY,pp_site_raw_WY,pp_centshare_stloc_raw_WY,pp_centshare_fed_raw_WY,pp_centshare_raw_WY,schoolstloc_raw_WY,schoolfed_raw_WY,schooltot_raw_WY,pp_total_norm_NERDS,distexclu_raw_WY,disttot_raw_WY,countenroll_raw_WY,noaudit,nositecen,adfinvars,distflex,flag_nerds,flag_f33
WY,2018-19,101000,101002,Albany County School District #1,Beitel Elementary,5600730,5600730,51500100100000,560073000005,236.0,KG-05,2.0,236,Count,13608,637,14245,10640,0,10640,2968,637,3605,3211488,150332,3361820,14570.56309,7449682,60153868,1,0,0,0,0,0,0
WY,2018-19,101000,101005,Albany County School District #1,Centennial Elementary,5600730,5600730,51500100100000,560073000007,12.0,KG-06,2.0,12,Count,31164,3755,34918,28196,3118,31314,2968,637,3605,373968,45060,419016,35243.56309,7449682,60153868,1,0,0,0,0,0,0
WY,2018-19,101000,101009,Albany County School District #1,Harmony Elementary,5600730,5600730,51500100100000,560073000011,21.0,KG-06,2.0,21,Count,23765,2419,26184,20797,1782,22579,2968,637,3605,499065,50799,549864,26509.56309,7449682,60153868,1,0,0,0,0,0,0
WY,2018-19,101000,101028,Albany County School District #1,Indian Paintbrush Elementary,5600730,5600730,51500100100000,560073000004,348.0,KG-05,2.0,348,Count,13161,637,13798,10193,0,10193,2968,637,3605,4580028,221676,4801704,14123.56309,7449682,60153868,1,0,0,0,0,0,0
WY,2018-19,101000,101055,Albany County School District #1,Laramie High School,5600730,5600730,51500100100000,560073000001,1064.0,09-12,4.0,1064,Count,13491,637,14128,10523,0,10523,2968,637,3605,14354424,677768,15032192,14453.56309,7449682,60153868,1,0,0,0,0,0,0
WY,2018-19,101000,101050,Albany County School District #1,Laramie Middle School,5600730,5600730,51500100100000,560073000002,757.0,06-08,3.0,757,Count,12814,637,13451,9846,0,9846,2968,637,3605,9700198,482209,10182407,13776.56309,7449682,60153868,1,0,0,0,0,0,0
WY,2018-19,101000,101031,Albany County School District #1,Laramie Montessori Charter School,5600730,5600730,51500100100000,560073000542,80.0,KG-06,2.0,80,Count,12503,363,12865,10713,0,10713,1790,363,2152,1000240,29040,1029200,13190.56309,7449682,60153868,1,0,0,0,0,0,0
WY,2018-19,101000,101032,Albany County School District #1,Notch Peak Elementary,5600730,5600730,51500100100000,560073000550,1.0,KG-08,3.0,1,Count,86929,637,87566,83961,0,83961,2968,637,3605,86929,637,87566,87891.56309,7449682,60153868,1,0,0,0,0,1,0
WY,2018-19,101000,101015,Albany County School District #1,Rock River Elementary,5600730,5600730,51500100100000,560073000453,35.0,PK-06,2.0,35,Count,28891,1453,30344,25923,816,26739,2968,637,3605,1011185,50855,1062040,30669.56309,7449682,60153868,1,0,0,0,0,0,0
WY,2018-19,101000,101056,Albany County School District #1,Rock River High School,5600730,5600730,51500100100000,560073000003,30.0,09-12,4.0,30,Count,28310,637,28947,25342,0,25342,2968,637,3605,849300,19110,868410,29272.56309,7449682,60153868,1,0,0,0,0,0,0
WY,2018-19,101000,101051,Albany County School District #1,Rock River Junior High School,5600730,5600730,51500100100000,560073000017,19.0,07-08,3.0,19,Count,28245,637,28882,25277,0,25277,2968,637,3605,536655,12103,548758,29207.56309,7449682,60153868,1,0,0,0,0,0,0
WY,2018-19,101000,101017,Albany County School District #1,Slade Elementary,5600730,5600730,51500100100000,560073000020,268.0,PK-05,2.0,268,Count,13453,1803,15257,10485,1166,11652,2968,637,3605,3605404,483204,4088876,15582.56309,7449682,60153868,1,0,0,0,0,0,0
WY,2018-19,101000,101001,Albany County School District #1,Snowy Range Academy,5600730,5600730,51500100100000,560073000216,216.0,KG-08,3.0,216,Count,11502,363,11865,9712,0,9712,1790,363,2152,2484432,78408,2562840,12190.56309,7449682,60153868,1,0,0,0,0,0,0
WY,2018-19,101000,101027,Albany County School District #1,Spring Creek Elementary,5600730,5600730,51500100100000,560073000006,343.0,KG-05,2.0,343,Count,13514,1378,14892,10546,741,11287,2968,637,3605,4635302,472654,5107956,15217.56309,7449682,60153868,1,0,0,0,0,0,0
WY,2018-19,101000,101030,Albany County School District #1,UW Laboratory School,5600730,5600730,51500100100000,560073000535,272.0,KG-08,3.0,272,Count,13300,637,13937,10332,0,10332,2968,637,3605,3617600,173264,3790864,14262.56309,7449682,60153868,1,0,0,0,0,0,0
WY,2018-19,101000,101019,Albany County School District #1,Valley View Elementary,5600730,5600730,51500100100000,560073000025,4.0,KG-06,2.0,4,Count,48927,637,49564,45959,0,45959,2968,637,3605,195708,2548,198256,49889.56309,7449682,60153868,1,0,0,0,0,1,0
WY,2018-19,101000,101020,Albany County School District #1,Velma Linford Elementary,5600730,5600730,51500100100000,560073000014,302.0,PK-05,2.0,302,Count,14713,2210,16923,11745,1573,13318,2968,637,3605,4443326,667420,5110746,17248.56309,7449682,60153868,1,0,0,0,0,0,0
WY,2018-19,101000,101057,Albany County School District #1,Whiting High School,5600730,5600730,51500100100000,560073000066,50.0,09-12,4.0,50,Count,26390,637,27027,23422,0,23422,2968,637,3605,1319500,31850,1351350,27352.56309,7449682,60153868,1,0,0,0,0,0,0
WY,2018-19,201000,201001,Big Horn County School District #1,Burlington Elementary,5601420,5601420,51500200100000,560142000049,119.0,PK-05,2.0,119,Count,14655,1452,16107,9845,1245,11090,4810,207,5017,1743945,172788,1916733,16380.23578,3541698,18093347,1,0,0,0,0,0,0
WY,2018-19,201000,201055,Big Horn County School District #1,Burlington High School,5601420,5601420,51500200100000,560142000478,65.0,09-12,4.0,65,Count,25215,320,25536,20405,113,20518,4810,207,5017,1638975,20800,1659840,25809.23578,3541698,18093347,1,0,0,0,0,0,0
WY,2018-19,201000,201050,Big Horn County School District #1,Burlington Middle School,5601420,5601420,51500200100000,560142000477,66.0,06-08,3.0,66,Count,16580,280,16859,11770,73,11842,4810,207,5017,1094280,18480,1112694,17132.23578,3541698,18093347,1,0,0,0,0,0,0
WY,2018-19,201000,201004,Big Horn County School District #1,Rocky Mountain Elementary,5601420,5601420,51500200100000,560142000365,305.0,PK-05,2.0,305,Count,14876,916,15792,10066,709,10775,4810,207,5017,4537180,279380,4816560,16065.23578,3541698,18093347,1,0,0,0,0,0,0
WY,2018-19,201000,201056,Big Horn County School District #1,Rocky Mountain High School,5601420,5601420,51500200100000,560142000046,313.0,09-12,4.0,313,Count,17594,402,17996,12784,195,12979,4810,207,5017,5506922,125826,5632748,18269.23578,3541698,18093347,1,0,0,0,0,0,0
WY,2018-19,201000,201051,Big Horn County School District #1,Rocky Mountain Middle School,5601420,5601420,51500200100000,560142000428,222.0,06-08,3.0,222,Count,13050,259,13309,8240,52,8292,4810,207,5017,2897100,57498,2954598,13582.23578,3541698,18093347,1,0,0,0,0,0,0
WY,2018-19,202000,202001,Big Horn County School District #2,Lovell Elementary,5601460,5601460,51500200200000,560146000056,326.0,KG-05,2.0,326,Count,13595,1430,15024,7630,765,8395,5965,665,6630,4431970,466180,4897824,15509.66141,3024818,11288584,1,0,0,0,0,0,0
WY,2018-19,202000,202055,Big Horn County School District #2,Lovell High School,5601460,5601460,51500200200000,560146000054,192.0,09-12,4.0,192,Count,17973,700,18672,12008,35,12043,5965,665,6630,3450816,134400,3585024,19157.66141,3024818,11288584,1,0,0,0,0,0,0
WY,2018-19,202000,202050,Big Horn County School District #2,Lovell Middle School,5601460,5601460,51500200200000,560146000055,179.0,06-08,3.0,179,Count,15009,665,15674,9044,0,9044,5965,665,6630,2686611,119035,2805646,16159.66141,3024818,11288584,1,0,0,0,0,0,0
WY,2018-19,203000,203002,Big Horn County School District #3,Greybull Elementary,5603170,5603170,51500201300000,560317000176,205.0,KG-05,2.0,205,Count,17781,1132,18914,11065,644,11710,6716,488,7204,3645105,232060,3877370,19335.6073,1575098,9433448,1,0,0,0,0,0,0
WY,2018-19,203000,203055,Big Horn County School District #3,Greybull High School,5603170,5603170,51500201300000,560317000174,152.0,09-12,4.0,152,Count,22480,491,22971,15764,3,15767,6716,488,7204,3416960,74632,3491592,23392.6073,1575098,9433448,1,0,0,0,0,0,0
WY,2018-19,203000,203050,Big Horn County School District #3,Greybull Middle School,5603170,5603170,51500201300000,560317000378,109.0,06-08,3.0,109,Count,17490,1451,18941,10774,963,11737,6716,488,7204,1906410,158159,2064569,19362.6073,1575098,9433448,1,0,0,0,0,0,0
WY,2018-19,204000,204001,Big Horn County School District #4,Laura Irwin Elementary,5601090,5601090,51500200300000,560109000038,109.0,KG-05,2.0,109,Count,21218,1991,23209,9048,1196,10244,12170,795,12965,2312762,217019,2529781,23696.43701,22041686,6511148,1,0,0,0,0,0,0
WY,2018-19,204000,204055,Big Horn County School District #4,Riverside Middle/High School,5601090,5601090,51500200300000,560109000036,145.0,06-12,4.0,145,Count,26608,849,27458,14438,54,14492,12170,795,12965,3858160,123105,3981410,27945.43701,22041686,6511148,1,0,0,0,0,0,0
WY,2018-19,301000,301002,Campbell County School District #1,4-J Elementary School,5601470,5601470,51500300100000,560147000454,40.0,KG-06,2.0,40,Count,23573,209,23781,20248,31,20278,3325,178,3503,942920,8360,951240,24238.46141,38303363,135393817,1,0,0,0,0,0,0
WY,2018-19,301000,301025,Campbell County School District #1,Buffalo Ridge Elementary,5601470,5601470,51500300100000,560147000546,432.0,KG-06,2.0,432,Count,12907,355,13262,9582,177,9760,3325,178,3503,5575824,153360,5729184,13719.46141,38303363,135393817,1,0,0,0,0,0,0
WY,2018-19,301000,301055,Campbell County School District #1,Campbell County High School,5601470,5601470,51500300100000,560147000057,1045.0,09-12,4.0,1045,Count,15048,420,15468,11723,242,11965,3325,178,3503,15725160,438900,16164060,15925.46141,38303363,135393817,1,0,0,0,0,0,0
WY,2018-19,301000,301022,Campbell County School District #1,Conestoga Elementary,5601470,5601470,51500300100000,560147000409,383.0,KG-06,2.0,383,Count,14663,446,15109,11338,268,11606,3325,178,3503,5615929,170818,5786747,15566.46141,38303363,135393817,1,0,0,0,0,0,0
WY,2018-19,301000,301006,Campbell County School District #1,Cottonwood Elementary,5601470,5601470,51500300100000,560147000064,205.0,PK-06,2.0,205,Count,18244,1026,19270,14919,848,15767,3325,178,3503,3740020,210330,3950350,19727.46141,38303363,135393817,1,0,0,0,0,0,0
WY,2018-19,301000,301009,Campbell County School District #1,Hillcrest Elementary,5601470,5601470,51500300100000,560147000067,420.0,KG-06,2.0,420,Count,15131,1609,16740,11806,1431,13237,3325,178,3503,6355020,675780,7030800,17197.46141,38303363,135393817,1,0,0,0,0,0,0
WY,2018-19,301000,301012,Campbell County School District #1,Lakeview Elementary,5601470,5601470,51500300100000,560147000070,435.0,KG-06,2.0,435,Count,13985,1281,15265,10660,1103,11762,3325,178,3503,6083475,557235,6640275,15722.46141,38303363,135393817,1,0,0,0,0,0,0
WY,2018-19,301000,301010,Campbell County School District #1,Little Powder Elementary,5601470,5601470,51500300100000,560147000068,36.0,KG-08,3.0,36,Count,27349,281,27630,24024,103,24127,3325,178,3503,984564,10116,994680,28087.46141,38303363,135393817,1,0,0,0,0,0,0
WY,2018-19,301000,301011,Campbell County School District #1,Meadowlark Elementary,5601470,5601470,51500300100000,560147000069,266.0,KG-06,2.0,266,Count,15227,1223,16449,11902,1045,12946,3325,178,3503,4050382,325318,4375434,16906.46141,38303363,135393817,1,0,0,0,0,0,0
WY,2018-19,301000,301021,Campbell County School District #1,Paintbrush Elementary,5601470,5601470,51500300100000,560147000435,343.0,KG-06,2.0,343,Count,15160,345,15505,11835,167,12002,3325,178,3503,5199880,118335,5318215,15962.46141,38303363,135393817,1,0,0,0,0,0,0
WY,2018-19,301000,301017,Campbell County School District #1,Prairie Wind Elementary,5601470,5601470,51500300100000,560147000349,367.0,KG-06,2.0,367,Count,15027,463,15489,11702,285,11987,3325,178,3503,5514909,169921,5684463,15946.46141,38303363,135393817,1,0,0,0,0,0,0
WY,2018-19,301000,301024,Campbell County School District #1,Pronghorn Elementary,5601470,5601470,51500300100000,560147000019,428.0,KG-06,2.0,428,Count,13227,348,13575,9902,170,10072,3325,178,3503,5661156,148944,5810100,14032.46141,38303363,135393817,1,0,0,0,0,0,0
WY,2018-19,301000,301013,Campbell County School District #1,Rawhide Elementary,5601470,5601470,51500300100000,560147000071,255.0,KG-06,2.0,255,Count,14740,1424,16164,11415,1246,12661,3325,178,3503,3758700,363120,4121820,16621.46141,38303363,135393817,1,0,0,0,0,0,0
WY,2018-19,301000,301014,Campbell County School District #1,Recluse School,5601470,5601470,51500300100000,560147000072,10.0,KG-08,3.0,10,Count,57622,985,58607,54297,807,55104,3325,178,3503,576220,9850,586070,59064.46141,38303363,135393817,1,0,0,0,0,1,0
WY,2018-19,301000,301015,Campbell County School District #1,Rozet Elementary,5601470,5601470,51500300100000,560147000073,300.0,KG-06,2.0,300,Count,15113,395,15508,11788,217,12005,3325,178,3503,4533900,118500,4652400,15965.46141,38303363,135393817,1,0,0,0,0,0,0
WY,2018-19,301000,301051,Campbell County School District #1,Sage Valley Junior High School,5601470,5601470,51500300100000,560147000410,631.0,07-08,3.0,631,Count,14772,362,15134,11447,184,11631,3325,178,3503,9321132,228422,9549554,15591.46141,38303363,135393817,1,0,0,0,0,0,0
WY,2018-19,301000,301026,Campbell County School District #1,Stocktrail Elementary,5601470,5601470,51500300100000,560147000568,324.0,PK-06,2.0,324,Count,13069,262,13331,9744,84,9828,3325,178,3503,4234356,84888,4319244,13788.46141,38303363,135393817,1,0,0,0,0,0,0
WY,2018-19,301000,301023,Campbell County School District #1,Sunflower Elementary,5601470,5601470,51500300100000,560147000436,359.0,KG-06,2.0,359,Count,13819,948,14767,10494,770,11264,3325,178,3503,4961021,340332,5301353,15224.46141,38303363,135393817,1,0,0,0,0,0,0
WY,2018-19,301000,301059,Campbell County School District #1,Thunder Basin High School,5601470,5601470,51500300100000,560147000580,1099.0,09-12,4.0,1099,Count,14393,403,14795,11068,225,11293,3325,178,3503,15817907,442897,16259705,15252.46141,38303363,135393817,1,0,0,0,0,0,0
WY,2018-19,301000,301050,Campbell County School District #1,Twin Spruce Junior High School,5601470,5601470,51500300100000,560147000058,667.0,07-08,3.0,667,Count,14447,276,14723,11122,98,11220,3325,178,3503,9636149,184092,9820241,15180.46141,38303363,135393817,1,0,0,0,0,0,0
WY,2018-19,301000,301019,Campbell County School District #1,Wagonwheel Elementary,5601470,5601470,51500300100000,560147000076,316.0,KG-06,2.0,316,Count,14095,917,15012,10770,739,11510,3325,178,3503,4454020,289772,4743792,15469.46141,38303363,135393817,1,0,0,0,0,0,0
WY,2018-19,301000,301057,Campbell County School District #1,Westwood High School,5601470,5601470,51500300100000,560147000479,168.0,09-12,4.0,168,Count,19044,541,19585,15719,363,16082,3325,178,3503,3199392,90888,3290280,20042.46141,38303363,135393817,1,0,0,0,0,0,0
WY,2018-19,301000,301056,Campbell County School District #1,Wright Jr. & Sr. High School,5601470,5601470,51500300100000,560147000429,192.0,07-12,4.0,192,Count,22219,247,22466,18894,69,18963,3325,178,3503,4266048,47424,4313472,22923.46141,38303363,135393817,1,0,0,0,0,0,0
WY,2018-19,401000,401057,Carbon County School District #1,Cooperative High,5601030,5601030,51500400300000,560103000147,41.0,09-12,4.0,41,Count,18986,1850,20836,12954,1486,14440,6032,364,6395,778426,75850,854276,21272.72343,10325963,27871454,1,0,0,0,0,0,0
WY,2018-19,401000,401049,Carbon County School District #1,Little Snake River Valley School,5601030,5601030,51500400300000,560103000124,188.0,KG-12,4.0,188,Count,22301,531,22832,16269,167,16436,6032,364,6395,4192588,99828,4292416,23268.72343,10325963,27871454,1,0,0,0,0,0,0
WY,2018-19,401000,401008,Carbon County School District #1,Rawlins Elementary,5601030,5601030,51500400300000,560103000541,711.0,PK-05,2.0,711,Count,13567,1184,14751,7535,820,8355,6032,364,6395,9646137,841824,10487961,15187.72343,10325963,27871454,1,0,0,0,0,0,0
WY,2018-19,401000,401056,Carbon County School District #1,Rawlins High School,5601030,5601030,51500400300000,560103000026,437.0,09-12,4.0,437,Count,15284,489,15772,9252,125,9377,6032,364,6395,6679108,213693,6892364,16208.72343,10325963,27871454,1,0,0,0,0,0,0
WY,2018-19,401000,401050,Carbon County School District #1,Rawlins Middle School,5601030,5601030,51500400300000,560103000028,373.0,06-08,3.0,373,Count,13509,820,14329,7477,456,7933,6032,364,6395,5038857,305860,5344717,14765.72343,10325963,27871454,1,0,0,0,0,0,0
WY,2018-19,402000,402001,Carbon County School District #2,Elk Mountain Elementary,5601700,5601700,51500400800000,560170000084,4.0,KG-06,2.0,4,Count,60588,798,61387,56270,0,56270,4318,798,5116,242352,3192,245548,61805.06126,4044315,14822485,1,0,0,0,0,1,0
WY,2018-19,402000,402049,Carbon County School District #2,Encampment K-12 School,5601700,5601700,51500400800000,560170000387,124.0,KG-12,4.0,124,Count,27288,798,28086,22970,0,22970,4318,798,5116,3383712,98952,3482664,28504.06126,4044315,14822485,1,0,0,0,0,0,0
WY,2018-19,402000,402003,Carbon County School District #2,Hanna Elementary,5601700,5601700,51500400800000,560170000085,80.0,KG-06,2.0,80,Count,20864,798,21663,16546,0,16546,4318,798,5116,1669120,63840,1733040,22081.06126,4044315,14822485,1,0,0,0,0,0,0
WY,2018-19,402000,402048,Carbon County School District #2,HEM Junior/Senior High School,5601700,5601700,51500400800000,560170000385,85.0,07-12,4.0,85,Count,31341,798,32140,27023,0,27023,4318,798,5116,2663985,67830,2731900,32558.06126,4044315,14822485,1,0,0,0,0,0,0
WY,2018-19,402000,402005,Carbon County School District #2,Medicine Bow Elementary,5601700,5601700,51500400800000,560170000087,8.0,KG-06,2.0,8,Count,43013,798,43811,38695,0,38695,4318,798,5116,344104,6384,350488,44229.06126,4044315,14822485,1,0,0,0,0,1,0
WY,2018-19,402000,402006,Carbon County School District #2,Saratoga Elementary,5601700,5601700,51500400800000,560170000088,179.0,KG-06,2.0,179,Count,14368,1125,15493,10050,327,10377,4318,798,5116,2571872,201375,2773247,15911.06126,4044315,14822485,1,0,0,0,0,0,0
WY,2018-19,402000,402059,Carbon County School District #2,Saratoga Middle/High School,5601700,5601700,51500400800000,560170000390,124.0,07-12,4.0,124,Count,27472,798,28271,23154,0,23154,4318,798,5116,3406528,98952,3505604,28689.06126,4044315,14822485,1,0,0,0,0,0,0
WY,2018-19,501000,501055,Converse County School District #1,Douglas High School,5602140,5602140,51500500700000,560214000127,515.0,09-12,4.0,515,Count,17586,296,17882,13668,42,13710,3918,254,4172,9056790,152440,9209230,18284.77519,5211136,29350281,1,0,0,0,0,0,0
WY,2018-19,501000,501013,Converse County School District #1,Douglas Intermediate School,5602140,5602140,51500500700000,560214000553,226.0,02-03,2.0,226,Count,14674,397,15071,10756,143,10899,3918,254,4172,3316324,89722,3406046,15473.77519,5211136,29350281,1,0,0,0,0,0,0
WY,2018-19,501000,501050,Converse County School District #1,Douglas Middle School,5602140,5602140,51500500700000,560214000368,391.0,06-08,3.0,391,Count,17318,390,17709,13400,136,13537,3918,254,4172,6771338,152490,6924219,18111.77519,5211136,29350281,1,0,0,0,0,0,0
WY,2018-19,501000,501002,Converse County School District #1,Douglas Primary School,5602140,5602140,51500500700000,560214000128,272.0,KG-01,1.0,272,Count,15122,1493,16615,11204,1239,12443,3918,254,4172,4113184,406096,4519280,17017.77519,5211136,29350281,1,0,0,0,0,0,0
WY,2018-19,501000,501010,Converse County School District #1,Douglas Upper Elementary School,5602140,5602140,51500500700000,560214000352,253.0,04-05,2.0,253,Count,13897,1776,15674,9979,1522,11501,3918,254,4172,3515941,449328,3965522,16076.77519,5211136,29350281,1,0,0,0,0,0,0
WY,2018-19,501000,501001,Converse County School District #1,Dry Creek Elementary,5602140,5602140,51500500700000,560214000129,12.0,KG-08,3.0,12,Count,23430,2753,26183,19512,2499,22011,3918,254,4172,281160,33036,314196,26585.77519,5211136,29350281,1,0,0,0,0,0,0
WY,2018-19,501000,501003,Converse County School District #1,Moss Agate Elementary,5602140,5602140,51500500700000,560214000130,18.0,KG-08,3.0,18,Count,14641,254,14896,10723,0,10723,3918,254,4172,263538,4572,268128,15298.77519,5211136,29350281,1,0,0,0,0,0,0
WY,2018-19,501000,501006,Converse County School District #1,Shawnee Elementary,5602140,5602140,51500500700000,560214000132,14.0,KG-08,3.0,14,Count,21271,254,21525,17353,0,17353,3918,254,4172,297794,3556,301350,21927.77519,5211136,29350281,1,0,0,0,0,0,0
WY,2018-19,501000,501009,Converse County School District #1,Walker Creek Elementary,5602140,5602140,51500500700000,560214000540,,KG-08,,4,Count,33978,254,34233,30060,0,30060,3918,254,4172,135912,1016,136932,34635.77519,5211136,29350281,1,0,0,0,0,0,0
WY,2018-19,501000,501011,Converse County School District #1,White Elementary,5602140,5602140,51500500700000,560214000135,12.0,KG-08,3.0,12,Count,25206,254,25461,21288,0,21288,3918,254,4172,302472,3048,305532,25863.77519,5211136,29350281,1,0,0,0,0,0,0
WY,2018-19,502000,502001,Converse County School District #2,Boxelder Elementary,5602150,5602150,51500500500000,560215000413,9.0,KG-06,2.0,9,Count,17187,109,17296,13266,0,13266,3921,109,4030,154683,981,155664,17740.74831,1717453,10164581,1,0,0,0,0,0,0
WY,2018-19,502000,502007,Converse County School District #2,Glenrock Intermediate School,5602150,5602150,51500500500000,560215000037,152.0,04-06,2.0,152,Count,13209,1787,14995,9288,1678,10965,3921,109,4030,2007768,271624,2279240,15439.74831,1717453,10164581,1,0,0,0,0,0,0
WY,2018-19,502000,502055,Converse County School District #2,Glenrock Jr/Sr High School,5602150,5602150,51500500500000,560215000137,258.0,07-12,4.0,258,Count,19094,518,19612,15173,409,15582,3921,109,4030,4926252,133644,5059896,20056.74831,1717453,10164581,1,0,0,0,0,0,0
WY,2018-19,502000,502004,Converse County School District #2,Grant Elementary,5602150,5602150,51500500500000,560215000141,173.0,KG-03,2.0,173,Count,14772,660,15433,10851,551,11403,3921,109,4030,2555556,114180,2669909,15877.74831,1717453,10164581,1,0,0,0,0,0,0
WY,2018-19,601000,601049,Crook County School District #1,Hulett School,5602370,5602370,51500600100000,560237000407,154.0,KG-12,4.0,154,Count,22402,1348,23749,19656,976,20631,2746,372,3118,3449908,207592,3657346,24111.03463,3349567,20932500,1,0,0,0,0,0,0
WY,2018-19,601000,601056,Crook County School District #1,Moorcroft High School,5602370,5602370,51500600100000,560237000566,154.0,09-12,4.0,154,Count,20217,650,20868,17471,278,17750,2746,372,3118,3113418,100100,3213672,21230.03463,3349567,20932500,1,0,0,0,0,0,0
WY,2018-19,601000,601008,Crook County School District #1,Moorcroft K-8,5602370,5602370,51500600100000,560237000564,493.0,KG-08,3.0,493,Count,11977,1009,12985,9231,637,9867,2746,372,3118,5904661,497437,6401605,13347.03463,3349567,20932500,1,0,0,0,0,0,0
WY,2018-19,601000,601007,Crook County School District #1,Sundance Elementary,5602370,5602370,51500600100000,560237000150,200.0,KG-06,2.0,200,Count,17234,372,17605,14488,0,14488,2746,372,3118,3446800,74400,3521000,17967.03463,3349567,20932500,1,0,0,0,0,0,0
WY,2018-19,601000,601048,Crook County School District #1,Sundance Secondary School,5602370,5602370,51500600100000,560237000405,183.0,07-12,4.0,183,Count,22077,539,22616,19331,167,19498,2746,372,3118,4040091,98637,4138728,22978.03463,3349567,20932500,1,0,0,0,0,0,0
WY,2018-19,701000,701009,Fremont County School District #1,Baldwin Creek Elementary,5602870,5602870,51500700100000,560287000539,310.0,04-05,2.0,310,Count,12251,1475,13726,6592,353,6945,5659,1122,6781,3797810,457250,4255060,14144.44647,5219031,29365443,1,0,0,0,0,0,0
WY,2018-19,701000,701008,Fremont County School District #1,Gannett Peak Elementary,5602870,5602870,51500700100000,560287000452,529.0,KG-03,2.0,529,Count,14232,1406,15638,8573,284,8857,5659,1122,6781,7528728,743774,8272502,16056.44647,5219031,29365443,1,0,0,0,0,0,0
WY,2018-19,701000,701006,Fremont County School District #1,Jeffrey City Elementary,5602870,5602870,51500700100000,560287000074,7.0,KG-06,2.0,7,Count,30894,1122,32015,25235,0,25235,5659,1122,6781,216258,7854,224105,32433.44647,5219031,29365443,1,0,0,0,0,0,0
WY,2018-19,701000,701050,Fremont County School District #1,Lander Middle School,5602870,5602870,51500700100000,560287000198,429.0,06-08,3.0,429,Count,13784,1494,15278,8125,372,8497,5659,1122,6781,5913336,640926,6554262,15696.44647,5219031,29365443,1,0,0,0,0,0,0
WY,2018-19,701000,701055,Fremont County School District #1,Lander Valley High School,5602870,5602870,51500700100000,560287000163,501.0,09-12,4.0,501,Count,16841,1445,18286,11182,323,11505,5659,1122,6781,8437341,723945,9161286,18704.44647,5219031,29365443,1,0,0,0,0,0,0
WY,2018-19,701000,701056,Fremont County School District #1,Pathfinder High School,5602870,5602870,51500700100000,560287000154,36.0,09-12,4.0,36,Count,22609,2351,24960,16950,1229,18179,5659,1122,6781,813924,84636,898560,25378.44647,5219031,29365443,1,0,0,0,0,0,0
WY,2018-19,714000,714001,Fremont County School District #14,Wyoming Indian Elementary,5604450,5604450,51500700500000,560445000226,352.0,PK-05,2.0,352,Count,21536,832,22369,11487,832,12320,10049,0,10049,7580672,292864,7873888,22875.16163,2124461,16833910,1,0,0,0,0,0,0
WY,2018-19,714000,714055,Fremont County School District #14,Wyoming Indian High School,5604450,5604450,51500700500000,560445000441,157.0,09-12,4.0,157,Count,28436,2978,31415,18387,2978,21365,10049,0,10049,4464452,467546,4932155,31921.16163,2124461,16833910,1,0,0,0,0,0,0
WY,2018-19,714000,714050,Fremont County School District #14,Wyoming Indian Middle School,5604450,5604450,51500700500000,560445000386,153.0,06-08,3.0,153,Count,24849,1477,26326,14800,1477,16277,10049,0,10049,3801897,225981,4027878,26832.16163,2124461,16833910,1,0,0,0,0,0,0
WY,2018-19,702000,702001,Fremont County School District #2,Dubois Elementary,5602670,5602670,51500700200000,560267000432,70.0,KG-05,2.0,70,Count,24338,637,24975,10783,0,10783,13555,637,14192,1703660,44590,1748250,25647.28767,734142,4086903,1,0,0,0,0,0,0
WY,2018-19,702000,702055,Fremont County School District #2,Dubois High School,5602670,5602670,51500700200000,560267000151,44.0,09-12,4.0,44,Count,31374,637,32011,17819,0,17819,13555,637,14192,1380456,28028,1408484,32683.28767,734142,4086903,1,0,0,0,0,0,0
WY,2018-19,702000,702050,Fremont County School District #2,Dubois Middle School,5602670,5602670,51500700200000,560267000366,32.0,06-08,3.0,32,Count,28429,637,29066,14874,0,14874,13555,637,14192,909728,20384,930112,29738.28767,734142,4086903,1,0,0,0,0,0,0
WY,2018-19,721000,721001,Fremont County School District #21,Ft. Washakie Elementary,5602820,5602820,51500700800000,560282000498,322.0,PK-06,2.0,322,Count,28638,2299,30936,15300,0,15300,13338,2299,15636,9221436,740278,9961392,31742.86998,11908238,15973999,1,0,0,0,0,0,0
WY,2018-19,721000,721056,Fremont County School District #21,Ft. Washakie High School,5602820,5602820,51500700800000,560282000552,105.0,09-12,4.0,105,Count,28052,2299,30351,14714,0,14714,13338,2299,15636,2945460,241395,3186855,31157.86998,11908238,15973999,1,0,0,0,0,0,0
WY,2018-19,721000,721050,Fremont County School District #21,Ft. Washakie Middle School,5602820,5602820,51500700800000,560282000370,96.0,07-08,3.0,96,Count,27137,2299,29435,13799,0,13799,13338,2299,15636,2605152,220704,2825760,30241.86998,11908238,15973999,1,0,0,0,0,0,0
WY,2018-19,724000,724001,Fremont County School District #24,Shoshoni Elementary,5605700,5605700,51500700900000,560570000362,221.0,PK-06,2.0,221,Count,16742,811,17554,8349,0,8349,8393,811,9204,3699982,179231,3879434,18210.59184,1517303,7430606,1,0,0,0,0,0,0
WY,2018-19,724000,724055,Fremont County School District #24,Shoshoni High School,5605700,5605700,51500700900000,560570000323,104.0,09-12,4.0,104,Count,20949,811,21760,12556,0,12556,8393,811,9204,2178696,84344,2263040,22416.59184,1517303,7430606,1,0,0,0,0,0,0
WY,2018-19,724000,724050,Fremont County School District #24,Shoshoni Junior High School,5605700,5605700,51500700900000,560570000510,67.0,07-08,3.0,67,Count,18415,811,19226,10022,0,10022,8393,811,9204,1233805,54337,1288142,19882.59184,1517303,7430606,1,0,0,0,0,0,0
WY,2018-19,725000,725002,Fremont County School District #25,Ashgrove Elementary,5605220,5605220,51500701000000,560522000571,170.0,01-03,2.0,170,Count,15415,2714,18130,12361,1898,14259,3054,816,3871,2620550,461380,3082100,18530.83026,6222182,40573093,1,0,0,0,0,0,0
WY,2018-19,725000,725009,Fremont County School District #25,Aspen Early Learning Center,5605220,5605220,51500701000000,560522000572,243.0,PK-KG,1.0,243,Count,14354,2482,16837,11300,1666,12966,3054,816,3871,3488022,603126,4091391,17237.83026,6222182,40573093,1,0,0,0,0,0,0
WY,2018-19,725000,725057,Fremont County School District #25,Frontier Academy,5605220,5605220,51500701000000,560522000562,28.0,09-12,4.0,28,Count,16739,816,17556,13685,0,13685,3054,816,3871,468692,22848,491568,17956.83026,6222182,40573093,1,0,0,0,0,0,0
WY,2018-19,725000,725008,Fremont County School District #25,Jackson Elementary,5605220,5605220,51500701000000,560522000575,163.0,01-03,2.0,163,Count,16827,2224,19052,13773,1408,15181,3054,816,3871,2742801,362512,3105476,19452.83026,6222182,40573093,1,0,0,0,0,0,0
WY,2018-19,725000,725007,Fremont County School District #25,Rendezvous Elementary,5605220,5605220,51500701000000,560522000220,394.0,04-05,2.0,394,Count,14338,1617,15956,11284,801,12085,3054,816,3871,5649172,637098,6286664,16356.83026,6222182,40573093,1,0,0,0,0,0,0
WY,2018-19,725000,725056,Fremont County School District #25,Riverton High School,5605220,5605220,51500701000000,560522000286,676.0,09-12,4.0,676,Count,15501,977,16479,12447,161,12608,3054,816,3871,10478676,660452,11139804,16879.83026,6222182,40573093,1,0,0,0,0,0,0
WY,2018-19,725000,725050,Fremont County School District #25,Riverton Middle School,5605220,5605220,51500701000000,560522000287,581.0,06-08,3.0,581,Count,14233,866,15100,11179,50,11229,3054,816,3871,8269373,503146,8773100,15500.83026,6222182,40573093,1,0,0,0,0,0,0
WY,2018-19,725000,725010,Fremont County School District #25,Willow Creek Elementary,5605220,5605220,51500701000000,560522000570,184.0,01-03,2.0,184,Count,17784,1798,19583,14730,982,15712,3054,816,3871,3272256,330832,3603272,19983.83026,6222182,40573093,1,0,0,0,0,0,0
WY,2018-19,738000,738055,Fremont County School District #38,Arapahoe Charter High School,5600960,5600960,51500701400000,560096000367,27.0,09-12,4.0,27,Count,26910,357,27267,12469,0,12469,14441,357,14798,726570,9639,736209,28042.60206,2516940,12931638,1,0,0,0,0,0,0
WY,2018-19,738000,738001,Fremont County School District #38,Arapahoe Elementary,5600960,5600960,51500701400000,560096000162,458.0,PK-08,3.0,458,Count,24945,1682,26628,10504,1325,11830,14441,357,14798,11424810,770356,12195624,27403.60206,2516940,12931638,1,0,0,0,0,0,0
WY,2018-19,706000,706001,Fremont County School District #6,Crowheart Elementary,5602830,5602830,51500780200000,560283000159,13.0,PK-03,2.0,13,Count,25601,1051,26652,17882,223,18105,7719,828,8547,332813,13663,346476,27239.10345,2248258,8589654,1,0,0,0,0,0,0
WY,2018-19,706000,706002,Fremont County School District #6,Wind River Elementary,5602830,5602830,51500780200000,560283000160,159.0,PK-05,2.0,159,Count,19208,1282,20490,11489,454,11943,7719,828,8547,3054072,203838,3257910,21077.10345,2248258,8589654,1,0,0,0,0,0,0
WY,2018-19,706000,706056,Fremont County School District #6,Wind River High School,5602830,5602830,51500780200000,560283000544,128.0,09-12,4.0,128,Count,23243,881,24124,15524,53,15577,7719,828,8547,2975104,112768,3087872,24711.10345,2248258,8589654,1,0,0,0,0,0,0
WY,2018-19,706000,706057,Fremont County School District #6,Wind River Learning Academy,5602830,5602830,51500780200000,560283000561,6.0,09-12,4.0,6,Count,24385,828,25213,16666,0,16666,7719,828,8547,146310,4968,151278,25800.10345,2248258,8589654,1,0,0,0,0,0,0
WY,2018-19,706000,706050,Fremont County School District #6,Wind River Middle School,5602830,5602830,51500780200000,560283000545,100.0,06-08,3.0,100,Count,16633,828,17461,8914,0,8914,7719,828,8547,1663300,82800,1746100,18048.10345,2248258,8589654,1,0,0,0,0,0,0
WY,2018-19,801000,801004,Goshen County School District #1,La Grange Elementary,5602990,5602990,51500800300000,560299000475,21.0,KG-06,2.0,21,Count,27485,1644,29129,23780,1233,25013,3705,411,4116,577185,34524,611709,29643.08544,2861206,30995396,1,0,0,0,0,0,0
WY,2018-19,801000,801007,Goshen County School District #1,Lincoln Elementary,5602990,5602990,51500800300000,560299000464,271.0,KG-02,2.0,271,Count,15192,1550,16743,11487,1139,12626,3705,411,4116,4117032,420050,4537353,17257.08544,2861206,30995396,1,0,0,0,0,0,0
WY,2018-19,801000,801005,Goshen County School District #1,Lingle-Ft. Laramie Elementary,5602990,5602990,51500800300000,560299000172,120.0,KG-05,2.0,120,Count,16105,1498,17603,12400,1087,13487,3705,411,4116,1932600,179760,2112360,18117.08544,2861206,30995396,1,0,0,0,0,0,0
WY,2018-19,801000,801058,Goshen County School District #1,Lingle-Ft. Laramie High School,5602990,5602990,51500800300000,560299000167,77.0,09-12,4.0,77,Count,22482,481,22963,18777,70,18847,3705,411,4116,1731114,37037,1768151,23477.08544,2861206,30995396,1,0,0,0,0,0,0
WY,2018-19,801000,801050,Goshen County School District #1,Lingle-Ft. Laramie Middle School,5602990,5602990,51500800300000,560299000373,74.0,06-08,3.0,74,Count,16775,533,17308,13070,122,13192,3705,411,4116,1241350,39442,1280792,17822.08544,2861206,30995396,1,0,0,0,0,0,0
WY,2018-19,801000,801002,Goshen County School District #1,Southeast Elementary,5602990,5602990,51500800300000,560299000171,114.0,KG-06,2.0,114,Count,16597,1203,17801,12892,792,13685,3705,411,4116,1892058,137142,2029314,18315.08544,2861206,30995396,1,0,0,0,0,0,0
WY,2018-19,801000,801055,Goshen County School District #1,Southeast High School,5602990,5602990,51500800300000,560299000483,91.0,09-12,4.0,91,Count,21229,575,21805,17524,164,17689,3705,411,4116,1931839,52325,1984255,22319.08544,2861206,30995396,1,0,0,0,0,0,0
WY,2018-19,801000,801051,Goshen County School District #1,Southeast Junior High School,5602990,5602990,51500800300000,560299000482,40.0,07-08,3.0,40,Count,21751,412,22163,18046,1,18047,3705,411,4116,870040,16480,886520,22677.08544,2861206,30995396,1,0,0,0,0,0,0
WY,2018-19,801000,801059,Goshen County School District #1,Torrington High School,5602990,5602990,51500800300000,560299000168,342.0,09-12,4.0,342,Count,18740,699,19440,15035,288,15324,3705,411,4116,6409080,239058,6648480,19954.08544,2861206,30995396,1,0,0,0,0,0,0
WY,2018-19,801000,801052,Goshen County School District #1,Torrington Middle School,5602990,5602990,51500800300000,560299000169,264.0,06-08,3.0,264,Count,17573,459,18032,13868,48,13915,3705,411,4116,4639272,121176,4760448,18546.08544,2861206,30995396,1,0,0,0,0,0,0
WY,2018-19,801000,801006,Goshen County School District #1,Trail Elementary,5602990,5602990,51500800300000,560299000488,248.0,03-05,2.0,248,Count,16080,1565,17646,12375,1154,13530,3705,411,4116,3987840,388120,4376208,18160.08544,2861206,30995396,1,0,0,0,0,0,0
WY,2018-19,901000,901055,Hot Springs County School District #1,Hot Springs County High School,5603310,5603310,51500901100000,560331000180,204.0,09-12,4.0,204,Count,18039,1457,19495,11796,0,11796,6243,1457,7699,3679956,297228,3976980,19932.22153,1064277,10917776,1,0,0,0,0,0,0
WY,2018-19,901000,901004,Hot Springs County School District #1,Ralph Witters Elementary,5603310,5603310,51500901100000,560331000185,227.0,PK-04,2.0,227,Count,14507,1457,15963,8264,0,8264,6243,1457,7699,3293089,330739,3623601,16400.22153,1064277,10917776,1,0,0,0,0,0,0
WY,2018-19,901000,901050,Hot Springs County School District #1,Thermopolis Middle School,5603310,5603310,51500901100000,560331000181,210.0,05-08,3.0,210,Count,14340,1457,15796,8097,0,8097,6243,1457,7699,3011400,305970,3317160,16233.22153,1064277,10917776,1,0,0,0,0,0,0
WY,2018-19,1001000,1001055,Johnson County School District #1,Buffalo High School,5603770,5603770,51501000200000,560377000187,347.0,09-12,4.0,347,Count,17182,188,17370,13660,65,13725,3522,123,3645,5962154,65236,6027390,17721.81394,3759470,20991528,1,0,0,0,0,0,0
WY,2018-19,1001000,1001050,Johnson County School District #1,Clear Creek Middle School,5603770,5603770,51501000200000,560377000191,282.0,06-08,3.0,282,Count,14375,476,14851,10853,353,11206,3522,123,3645,4053750,134232,4187982,15202.81394,3759470,20991528,1,0,0,0,0,0,0
WY,2018-19,1001000,1001002,Johnson County School District #1,Cloud Peak Elementary,5603770,5603770,51501000200000,560377000417,276.0,03-05,2.0,276,Count,12313,683,12996,8791,560,9351,3522,123,3645,3398388,188508,3586896,13347.81394,3759470,20991528,1,0,0,0,0,0,0
WY,2018-19,1001000,1001049,Johnson County School District #1,Kaycee School,5603770,5603770,51501000200000,560377000449,142.0,KG-12,4.0,142,Count,22864,203,23067,19342,80,19422,3522,123,3645,3246688,28826,3275514,23418.81394,3759470,20991528,1,0,0,0,0,0,0
WY,2018-19,1001000,1001006,Johnson County School District #1,Meadowlark Elementary,5603770,5603770,51501000200000,560377000380,259.0,KG-02,2.0,259,Count,14100,1010,15111,10578,887,11465,3522,123,3645,3651900,261590,3913749,15462.81394,3759470,20991528,1,0,0,0,0,0,0
WY,2018-19,1101000,1101027,Laramie County School District #1,Afflerbach Elementary,5601980,5601980,51501100100000,560198000480,401.0,PK-06,2.0,401,Count,13459,2844,16303,10895,2248,13143,2564,596,3160,5397059,1140444,6537503,16741.03654,41649361,214636287,1,0,0,0,0,0,0
WY,2018-19,1101000,1101001,Laramie County School District #1,Alta Vista Elementary,5601980,5601980,51501100100000,560198000096,288.0,PK-06,2.0,288,Count,15429,1359,16788,12865,763,13628,2564,596,3160,4443552,391392,4834944,17226.03654,41649361,214636287,1,0,0,0,0,0,0
WY,2018-19,1101000,1101026,Laramie County School District #1,Anderson Elementary,5601980,5601980,51501100100000,560198000438,312.0,KG-04,2.0,312,Count,13229,603,13833,10665,7,10673,2564,596,3160,4127448,188136,4315896,14271.03654,41649361,214636287,1,0,0,0,0,0,0
WY,2018-19,1101000,1101002,Laramie County School District #1,Arp Elementary,5601980,5601980,51501100100000,560198000097,347.0,PK-06,2.0,347,Count,13427,1599,15026,10863,1003,11866,2564,596,3160,4659169,554853,5214022,15464.03654,41649361,214636287,1,0,0,0,0,0,0
WY,2018-19,1101000,1101003,Laramie County School District #1,Baggs Elementary,5601980,5601980,51501100100000,560198000098,329.0,PK-06,2.0,329,Count,13089,1631,14720,10525,1035,11559,2564,596,3160,4306281,536599,4842880,15158.03654,41649361,214636287,1,0,0,0,0,0,0
WY,2018-19,1101000,1101004,Laramie County School District #1,Bain Elementary,5601980,5601980,51501100100000,560198000099,270.0,KG-06,2.0,270,Count,14118,613,14732,11554,17,11572,2564,596,3160,3811860,165510,3977640,15170.03654,41649361,214636287,1,0,0,0,0,0,0
WY,2018-19,1101000,1101005,Laramie County School District #1,Buffalo Ridge Elementary,5601980,5601980,51501100100000,560198000100,182.0,KG-04,2.0,182,Count,17753,605,18358,15189,9,15198,2564,596,3160,3231046,110110,3341156,18796.03654,41649361,214636287,1,0,0,0,0,0,0
WY,2018-19,1101000,1101050,Laramie County School District #1,Carey Junior High School,5601980,5601980,51501100100000,560198000093,758.0,07-08,3.0,758,Count,14034,602,14636,11470,6,11476,2564,596,3160,10637772,456316,11094088,15074.03654,41649361,214636287,1,0,0,0,0,0,0
WY,2018-19,1101000,1101055,Laramie County School District #1,Central High School,5601980,5601980,51501100100000,560198000090,1194.0,09-12,4.0,1194,Count,14584,599,15184,12020,3,12023,2564,596,3160,17413296,715206,18129696,15622.03654,41649361,214636287,1,0,0,0,0,0,0
WY,2018-19,1101000,1101019,Laramie County School District #1,Clawson Elementary,5601980,5601980,51501100100000,560198000114,11.0,KG-06,2.0,11,Count,25212,602,25814,22648,6,22654,2564,596,3160,277332,6622,283954,26252.03654,41649361,214636287,1,0,0,0,0,0,0
WY,2018-19,1101000,1101007,Laramie County School District #1,Cole Elementary,5601980,5601980,51501100100000,560198000102,181.0,PK-06,2.0,181,Count,15950,2368,18318,13386,1772,15157,2564,596,3160,2886950,428608,3315558,18756.03654,41649361,214636287,1,0,0,0,0,0,0
WY,2018-19,1101000,1101009,Laramie County School District #1,Davis Elementary,5601980,5601980,51501100100000,560198000104,360.0,KG-06,2.0,360,Count,14410,639,15049,11846,43,11889,2564,596,3160,5187600,230040,5417640,15487.03654,41649361,214636287,1,0,0,0,0,0,0
WY,2018-19,1101000,1101010,Laramie County School District #1,Deming Elementary,5601980,5601980,51501100100000,560198000105,103.0,KG-03,2.0,103,Count,16899,611,17510,14335,15,14350,2564,596,3160,1740597,62933,1803530,17948.03654,41649361,214636287,1,0,0,0,0,0,0
WY,2018-19,1101000,1101011,Laramie County School District #1,Dildine Elementary,5601980,5601980,51501100100000,560198000106,312.0,KG-04,2.0,312,Count,14599,607,15206,12035,11,12046,2564,596,3160,4554888,189384,4744272,15644.03654,41649361,214636287,1,0,0,0,0,0,0
WY,2018-19,1101000,1101056,Laramie County School District #1,East High School,5601980,5601980,51501100100000,560198000091,1448.0,09-12,4.0,1448,Count,14974,599,15573,12410,3,12413,2564,596,3160,21682352,867352,22549704,16011.03654,41649361,214636287,1,0,0,0,0,0,0
WY,2018-19,1101000,1101013,Laramie County School District #1,Fairview Elementary,5601980,5601980,51501100100000,560198000108,130.0,03-06,2.0,130,Count,15486,1631,17117,12922,1035,13957,2564,596,3160,2013180,212030,2225210,17555.03654,41649361,214636287,1,0,0,0,0,0,0
WY,2018-19,1101000,1101028,Laramie County School District #1,Freedom Elementary,5601980,5601980,51501100100000,560198000371,377.0,KG-06,2.0,377,Count,12546,609,13155,9982,13,9994,2564,596,3160,4729842,229593,4959435,13593.03654,41649361,214636287,1,0,0,0,0,0,0
WY,2018-19,1101000,1101014,Laramie County School District #1,Gilchrist Elementary,5601980,5601980,51501100100000,560198000109,98.0,KG-06,2.0,98,Count,20356,604,20960,17792,8,17800,2564,596,3160,1994888,59192,2054080,21398.03654,41649361,214636287,1,0,0,0,0,0,0
WY,2018-19,1101000,1101015,Laramie County School District #1,Goins Elementary,5601980,5601980,51501100100000,560198000110,353.0,PK-06,2.0,353,Count,12788,1828,14616,10224,1232,11456,2564,596,3160,4514164,645284,5159448,15054.03654,41649361,214636287,1,0,0,0,0,0,0
WY,2018-19,1101000,1101016,Laramie County School District #1,Hebard Elementary,5601980,5601980,51501100100000,560198000111,127.0,PK-06,2.0,127,Count,20582,3453,24036,18018,2857,20876,2564,596,3160,2613914,438531,3052572,24474.03654,41649361,214636287,1,0,0,0,0,0,0
WY,2018-19,1101000,1101017,Laramie County School District #1,Henderson Elementary,5601980,5601980,51501100100000,560198000112,291.0,KG-06,2.0,291,Count,12775,604,13379,10211,8,10219,2564,596,3160,3717525,175764,3893289,13817.03654,41649361,214636287,1,0,0,0,0,0,0
WY,2018-19,1101000,1101018,Laramie County School District #1,Hobbs Elementary,5601980,5601980,51501100100000,560198000113,370.0,KG-06,2.0,370,Count,12067,618,12685,9503,22,9525,2564,596,3160,4464790,228660,4693450,13123.03654,41649361,214636287,1,0,0,0,0,0,0
WY,2018-19,1101000,1101020,Laramie County School District #1,Jessup Elementary,5601980,5601980,51501100100000,560198000115,292.0,KG-06,2.0,292,Count,11990,613,12603,9426,17,9442,2564,596,3160,3501080,178996,3680076,13041.03654,41649361,214636287,1,0,0,0,0,0,0
WY,2018-19,1101000,1101051,Laramie County School District #1,Johnson Junior High School,5601980,5601980,51501100100000,560198000094,780.0,07-08,3.0,780,Count,14105,920,15025,11541,324,11865,2564,596,3160,11001900,717600,11719500,15463.03654,41649361,214636287,1,0,0,0,0,0,0
WY,2018-19,1101000,1101021,Laramie County School District #1,Lebhart Elementary,5601980,5601980,51501100100000,560198000116,106.0,PK-02,2.0,106,Count,15245,2343,17588,12681,1747,14428,2564,596,3160,1615970,248358,1864328,18026.03654,41649361,214636287,1,0,0,0,0,0,0
WY,2018-19,1101000,1101052,Laramie County School District #1,McCormick Junior High School,5601980,5601980,51501100100000,560198000095,687.0,07-08,3.0,687,Count,14749,602,15351,12185,6,12191,2564,596,3160,10132563,413574,10546137,15789.03654,41649361,214636287,1,0,0,0,0,0,0
WY,2018-19,1101000,1101032,Laramie County School District #1,Meadowlark Elementary,5601980,5601980,51501100100000,560198000567,552.0,05-06,2.0,552,Count,10834,985,11819,8270,389,8659,2564,596,3160,5980368,543720,6524088,12257.03654,41649361,214636287,1,0,0,0,0,0,0
WY,2018-19,1101000,1101022,Laramie County School District #1,Miller Elementary,5601980,5601980,51501100100000,560198000117,86.0,04-06,2.0,86,Count,14460,598,15059,11896,2,11898,2564,596,3160,1243560,51428,1295074,15497.03654,41649361,214636287,1,0,0,0,0,0,0
WY,2018-19,1101000,1101023,Laramie County School District #1,Pioneer Park Elementary,5601980,5601980,51501100100000,560198000118,425.0,KG-06,2.0,425,Count,12232,608,12841,9668,12,9681,2564,596,3160,5198600,258400,5457425,13279.03654,41649361,214636287,1,0,0,0,0,0,0
WY,2018-19,1101000,1101040,Laramie County School District #1,PODER Academy,5601980,5601980,51501100100000,560198000547,166.0,KG-05,2.0,166,Count,12185,678,12863,10820,659,11479,1365,19,1384,2022710,112548,2135258,13301.03654,41649361,214636287,1,0,0,0,0,0,0
WY,2018-19,1101000,1101045,Laramie County School District #1,PODER Academy Secondary School,5601980,5601980,51501100100000,560198000574,79.0,06-11,4.0,79,Count,12442,19,12461,10635,0,10635,1807,19,1826,982918,1501,984419,12899.03654,41649361,214636287,1,0,0,0,0,0,0
WY,2018-19,1101000,1101031,Laramie County School District #1,Prairie Wind Elementary,5601980,5601980,51501100100000,560198000563,443.0,KG-06,2.0,443,Count,12514,611,13124,9950,15,9964,2564,596,3160,5543702,270673,5813932,13562.03654,41649361,214636287,1,0,0,0,0,0,0
WY,2018-19,1101000,1101024,Laramie County School District #1,Rossman Elementary,5601980,5601980,51501100100000,560198000119,342.0,PK-06,2.0,342,Count,12815,1910,14725,10251,1314,11565,2564,596,3160,4382730,653220,5035950,15163.03654,41649361,214636287,1,0,0,0,0,0,0
WY,2018-19,1101000,1101030,Laramie County School District #1,Saddle Ridge Elementary,5601980,5601980,51501100100000,560198000426,360.0,KG-06,2.0,360,Count,14184,607,14792,11620,11,11632,2564,596,3160,5106240,218520,5325120,15230.03654,41649361,214636287,1,0,0,0,0,0,0
WY,2018-19,1101000,1101058,Laramie County School District #1,South High School,5601980,5601980,51501100100000,560198000448,1179.0,09-12,4.0,1179,Count,14316,601,14917,11752,5,11757,2564,596,3160,16878564,708579,17587144,15355.03654,41649361,214636287,1,0,0,0,0,0,0
WY,2018-19,1101000,1101029,Laramie County School District #1,Sunrise Elementary,5601980,5601980,51501100100000,560198000396,374.0,KG-06,2.0,374,Count,13302,621,13923,10738,25,10763,2564,596,3160,4974948,232254,5207202,14361.03654,41649361,214636287,1,0,0,0,0,0,0
WY,2018-19,1101000,1101057,Laramie County School District #1,Triumph High School,5601980,5601980,51501100100000,560198000092,196.0,07-12,4.0,196,Count,23895,608,24503,21331,12,21343,2564,596,3160,4683420,119168,4802588,24941.03654,41649361,214636287,1,0,0,0,0,0,0
WY,2018-19,1101000,1101025,Laramie County School District #1,Willadsen Elementary,5601980,5601980,51501100100000,560198000120,3.0,KG-06,2.0,3,Count,72213,658,72871,69649,62,69711,2564,596,3160,216639,1974,218613,73309.03654,41649361,214636287,1,0,0,0,0,1,0
WY,2018-19,1102000,1102001,Laramie County School District #2,Albin Elementary,5604120,5604120,51501100700000,560412000208,44.0,KG-06,2.0,44,Count,25983,1691,27675,22471,1283,23754,3512,408,3920,1143252,74404,1217700,28147.14653,4534531,18262757,1,0,0,0,0,0,0
WY,2018-19,1102000,1102005,Laramie County School District #2,Burns Elementary,5604120,5604120,51501100700000,560412000504,248.0,KG-06,2.0,248,Count,13891,710,14601,10379,302,10681,3512,408,3920,3444968,176080,3621048,15073.14653,4534531,18262757,1,0,0,0,0,0,0
WY,2018-19,1102000,1102056,Laramie County School District #2,Burns Jr & Sr High School,5604120,5604120,51501100700000,560412000209,325.0,07-12,4.0,325,Count,15237,558,15795,11725,150,11875,3512,408,3920,4952025,181350,5133375,16267.14653,4534531,18262757,1,0,0,0,0,0,0
WY,2018-19,1102000,1102002,Laramie County School District #2,Carpenter Elementary,5604120,5604120,51501100700000,560412000211,101.0,KG-06,2.0,101,Count,18007,1101,19108,14495,693,15187,3512,408,3920,1818707,111201,1929908,19580.14653,4534531,18262757,1,0,0,0,0,0,0
WY,2018-19,1102000,1102004,Laramie County School District #2,Pine Bluffs Elementary,5604120,5604120,51501100700000,560412000213,157.0,KG-06,2.0,157,Count,16749,789,17539,13237,381,13618,3512,408,3920,2629593,123873,2753623,18011.14653,4534531,18262757,1,0,0,0,0,0,0
WY,2018-19,1102000,1102057,Laramie County School District #2,Pine Bluffs Jr & Sr High School,5604120,5604120,51501100700000,560412000210,176.0,07-12,4.0,176,Count,19720,774,20495,16208,366,16574,3512,408,3920,3470720,136224,3607120,20967.14653,4534531,18262757,1,0,0,0,0,0,0
WY,2018-19,1201000,1201051,Lincoln County School District #1,Canyon Elementary School,5604030,5604030,51501200100000,560403000555,181.0,KG-06,2.0,181,Count,15109,602,15710,6635,527,7162,8474,75,8549,2734729,108962,2843510,16125.54202,3377070,9563901,1,0,0,0,0,0,0
WY,2018-19,1201000,1201004,Lincoln County School District #1,Kemmerer Elementary,5604030,5604030,51501200100000,560403000556,,KG-02,,140,Count,15225,854,16078,6751,779,7530,8474,75,8549,2131500,119560,2250920,16493.54202,3377070,9563901,1,0,0,0,0,0,0
WY,2018-19,1201000,1201057,Lincoln County School District #1,Kemmerer Junior Senior High School,5604030,5604030,51501200100000,560403000557,249.0,07-12,4.0,249,Count,16361,150,16510,7887,75,7962,8474,75,8549,4073889,37350,4110990,16925.54202,3377070,9563901,1,0,0,0,0,0,0
WY,2018-19,1201000,1201056,Lincoln County School District #1,New Frontier High School,5604030,5604030,51501200100000,560403000358,13.0,07-12,4.0,13,Count,27488,75,27563,19014,0,19014,8474,75,8549,357344,975,358319,27978.54202,3377070,9563901,1,0,0,0,0,0,0
WY,2018-19,1202000,1202001,Lincoln County School District #2,Afton Elementary,5604060,5604060,51501290100000,560406000204,438.0,PK-03,2.0,438,Count,12790,994,13784,7639,571,8210,5151,423,5574,5602020,435372,6037392,14126.76517,6239019,41790943,1,0,0,0,0,0,0
WY,2018-19,1202000,1202002,Lincoln County School District #2,Cokeville Elementary,5604060,5604060,51501290100000,560406000205,133.0,KG-06,2.0,133,Count,14204,983,15187,9053,560,9613,5151,423,5574,1889132,130739,2019871,15529.76517,6239019,41790943,1,0,0,0,0,0,0
WY,2018-19,1202000,1202055,Lincoln County School District #2,Cokeville High School,5604060,5604060,51501290100000,560406000381,118.0,07-12,4.0,118,Count,20961,491,21451,15810,68,15878,5151,423,5574,2473398,57938,2531218,21793.76517,6239019,41790943,1,0,0,0,0,0,0
WY,2018-19,1202000,1202004,Lincoln County School District #2,Etna Elementary,5604060,5604060,51501290100000,560406000207,292.0,04-06,2.0,292,Count,12481,1119,13600,7330,696,8026,5151,423,5574,3644452,326748,3971200,13942.76517,6239019,41790943,1,0,0,0,0,0,0
WY,2018-19,1202000,1202005,Lincoln County School District #2,Osmond Elementary,5604060,5604060,51501290100000,560406000404,381.0,04-06,2.0,381,Count,11222,945,12167,6071,522,6593,5151,423,5574,4275582,360045,4635627,12509.76517,6239019,41790943,1,0,0,0,0,0,0
WY,2018-19,1202000,1202056,Lincoln County School District #2,Star Valley High School,5604060,5604060,51501290100000,560406000202,740.0,09-12,4.0,740,Count,14680,467,15148,9529,44,9574,5151,423,5574,10863200,345580,11209520,15490.76517,6239019,41790943,1,0,0,0,0,0,0
WY,2018-19,1202000,1202051,Lincoln County School District #2,Star Valley Middle School,5604060,5604060,51501290100000,560406000203,399.0,07-08,3.0,399,Count,12230,423,12653,7079,0,7079,5151,423,5574,4879770,168777,5048547,12995.76517,6239019,41790943,1,0,0,0,0,0,0
WY,2018-19,1202000,1202057,Lincoln County School District #2,Swift Creek High School,5604060,5604060,51501290100000,560406000193,57.0,09-12,4.0,57,Count,18149,437,18586,12998,14,13012,5151,423,5574,1034493,24909,1059402,18928.76517,6239019,41790943,1,0,0,0,0,0,0
WY,2018-19,1202000,1202003,Lincoln County School District #2,Thayne Elementary,5604060,5604060,51501290100000,560406000206,359.0,KG-03,2.0,359,Count,13354,1349,14703,8203,926,9129,5151,423,5574,4794086,484291,5278377,15045.76517,6239019,41790943,1,0,0,0,0,0,0
WY,2018-19,1301000,1301001,Natrona County School District #1,Alcova Elementary,5604510,5604510,51501301200000,560451000235,6.0,KG-05,2.0,6,Count,45643,549,46192,42958,0,42958,2685,549,3233,273858,3294,277152,46538.05522,37298424,189145636,1,0,0,0,0,1,0
WY,2018-19,1301000,1301033,Natrona County School District #1,Bar Nunn Elementary,5604510,5604510,51501301200000,560451000445,323.0,PK-05,2.0,323,Count,14457,2212,16668,11772,1663,13435,2685,549,3233,4669611,714476,5383764,17014.05522,37298424,189145636,1,0,0,0,0,0,0
WY,2018-19,1301000,1301050,Natrona County School District #1,C Y Middle School,5604510,5604510,51501301200000,560451000232,786.0,06-08,3.0,786,Count,13531,605,14136,10846,56,10902,2685,549,3233,10635366,475530,11110896,14482.05522,37298424,189145636,1,0,0,0,0,0,0
WY,2018-19,1301000,1301038,Natrona County School District #1,Casper Classical Academy,5604510,5604510,51501301200000,560451000183,443.0,06-09,3.0,443,Count,13518,560,14078,10833,11,10844,2685,549,3233,5988474,248080,6236554,14424.05522,37298424,189145636,1,0,0,0,0,0,0
WY,2018-19,1301000,1301054,Natrona County School District #1,Centennial Middle School,5604510,5604510,51501301200000,560451000470,817.0,06-08,3.0,817,Count,13696,580,14276,11011,31,11042,2685,549,3233,11189632,473860,11663492,14622.05522,37298424,189145636,1,0,0,0,0,0,0
WY,2018-19,1301000,1301005,Natrona County School District #1,Cottonwood Elementary,5604510,5604510,51501301200000,560451000377,371.0,PK-05,2.0,371,Count,13973,1790,15762,11288,1241,12529,2685,549,3233,5183983,664090,5847702,16108.05522,37298424,189145636,1,0,0,0,0,0,0
WY,2018-19,1301000,1301002,Natrona County School District #1,Crest Hill Elementary,5604510,5604510,51501301200000,560451000236,330.0,KG-05,2.0,330,Count,14262,690,14951,11577,141,11718,2685,549,3233,4706460,227700,4933830,15297.05522,37298424,189145636,1,0,0,0,0,0,0
WY,2018-19,1301000,1301051,Natrona County School District #1,Dean Morgan Middle School,5604510,5604510,51501301200000,560451000233,902.0,06-08,3.0,902,Count,13059,609,13667,10374,60,10433,2685,549,3233,11779218,549318,12327634,14013.05522,37298424,189145636,1,0,0,0,0,0,0
WY,2018-19,1301000,1301003,Natrona County School District #1,Evansville Elementary,5604510,5604510,51501301200000,560451000237,327.0,PK-05,2.0,327,Count,13295,2453,15748,10610,1904,12514,2685,549,3233,4347465,802131,5149596,16094.05522,37298424,189145636,1,0,0,0,0,0,0
WY,2018-19,1301000,1301006,Natrona County School District #1,Ft. Caspar Academy,5604510,5604510,51501301200000,560451000240,444.0,KG-05,2.0,444,Count,12087,550,12636,9402,1,9403,2685,549,3233,5366628,244200,5610384,12982.05522,37298424,189145636,1,0,0,0,0,0,0
WY,2018-19,1301000,1301014,Natrona County School District #1,Journey Elementary,5604510,5604510,51501301200000,560451000247,456.0,PK-05,2.0,456,Count,11042,2275,13317,8357,1726,10083,2685,549,3233,5035152,1037400,6072552,13663.05522,37298424,189145636,1,0,0,0,0,0,0
WY,2018-19,1301000,1301055,Natrona County School District #1,Kelly Walsh High School,5604510,5604510,51501301200000,560451000229,1858.0,09-12,4.0,1858,Count,12471,588,13058,9786,39,9824,2685,549,3233,23171118,1092504,24261764,13404.05522,37298424,189145636,1,0,0,0,0,0,0
WY,2018-19,1301000,1301016,Natrona County School District #1,Lincoln Elementary School,5604510,5604510,51501301200000,560451000249,458.0,PK-05,2.0,458,Count,12362,2388,14749,9677,1839,11516,2685,549,3233,5661796,1093704,6755042,15095.05522,37298424,189145636,1,0,0,0,0,0,0
WY,2018-19,1301000,1301011,Natrona County School District #1,Manor Heights Elementary,5604510,5604510,51501301200000,560451000245,317.0,KG-05,2.0,317,Count,14203,660,14862,11518,111,11629,2685,549,3233,4502351,209220,4711254,15208.05522,37298424,189145636,1,0,0,0,0,0,0
WY,2018-19,1301000,1301049,Natrona County School District #1,Midwest School,5604510,5604510,51501301200000,560451000133,146.0,PK-12,4.0,146,Count,27088,2178,29266,24403,1629,26033,2685,549,3233,3954848,317988,4272836,29612.05522,37298424,189145636,1,0,0,0,0,0,0
WY,2018-19,1301000,1301057,Natrona County School District #1,Natrona County High School,5604510,5604510,51501301200000,560451000231,1684.0,09-12,4.0,1684,Count,13386,571,13956,10701,22,10723,2685,549,3233,22542024,961564,23501904,14302.05522,37298424,189145636,1,0,0,0,0,0,0
WY,2018-19,1301000,1301031,Natrona County School District #1,Oregon Trail Elementary,5604510,5604510,51501301200000,560451000420,340.0,KG-05,2.0,340,Count,12706,549,13254,10021,0,10021,2685,549,3233,4320040,186660,4506360,13600.05522,37298424,189145636,1,0,0,0,0,0,0
WY,2018-19,1301000,1301017,Natrona County School District #1,Paradise Valley Elementary,5604510,5604510,51501301200000,560451000250,411.0,KG-05,2.0,411,Count,12661,563,13223,9976,14,9990,2685,549,3233,5203671,231393,5434653,13569.05522,37298424,189145636,1,0,0,0,0,0,0
WY,2018-19,1301000,1301018,Natrona County School District #1,Park Elementary,5604510,5604510,51501301200000,560451000251,364.0,KG-05,2.0,364,Count,11251,560,11811,8566,11,8577,2685,549,3233,4095364,203840,4299204,12157.05522,37298424,189145636,1,0,0,0,0,0,0
WY,2018-19,1301000,1301019,Natrona County School District #1,Pineview Elementary,5604510,5604510,51501301200000,560451000252,399.0,PK-05,2.0,399,Count,12367,1682,14048,9682,1133,10815,2685,549,3233,4934433,671118,5605152,14394.05522,37298424,189145636,1,0,0,0,0,0,0
WY,2018-19,1301000,1301020,Natrona County School District #1,Poison Spider Elementary,5604510,5604510,51501301200000,560451000253,191.0,KG-08,3.0,191,Count,15860,802,16661,13175,253,13427,2685,549,3233,3029260,153182,3182251,17007.05522,37298424,189145636,1,0,0,0,0,0,0
WY,2018-19,1301000,1301022,Natrona County School District #1,Red Creek Elementary,5604510,5604510,51501301200000,560451000469,9.0,KG-05,2.0,9,Count,20223,549,20771,17538,0,17538,2685,549,3233,182007,4941,186939,21117.05522,37298424,189145636,1,0,0,0,0,0,0
WY,2018-19,1301000,1301058,Natrona County School District #1,Roosevelt High School,5604510,5604510,51501301200000,560451000256,241.0,09-12,4.0,241,Count,20925,1228,22153,18240,679,18919,2685,549,3233,5042925,295948,5338873,22499.05522,37298424,189145636,1,0,0,0,0,0,0
WY,2018-19,1301000,1301009,Natrona County School District #1,Sagewood Elementary,5604510,5604510,51501301200000,560451000444,353.0,PK-05,2.0,353,Count,11226,1471,12695,8541,922,9462,2685,549,3233,3962778,519263,4481335,13041.05522,37298424,189145636,1,0,0,0,0,0,0
WY,2018-19,1301000,1301023,Natrona County School District #1,Southridge Elementary,5604510,5604510,51501301200000,560451000257,343.0,KG-05,2.0,343,Count,11583,552,12135,8898,3,8901,2685,549,3233,3972969,189336,4162305,12481.05522,37298424,189145636,1,0,0,0,0,0,0
WY,2018-19,1301000,1301039,Natrona County School District #1,Summit Elementary School,5604510,5604510,51501301200000,560451000451,449.0,KG-05,2.0,449,Count,11647,549,12195,8962,0,8962,2685,549,3233,5229503,246501,5475555,12541.05522,37298424,189145636,1,0,0,0,0,0,0
WY,2018-19,1301000,1301025,Natrona County School District #1,Verda James Elementary,5604510,5604510,51501301200000,560451000389,436.0,KG-05,2.0,436,Count,12430,561,12991,9745,12,9757,2685,549,3233,5419480,244596,5664076,13337.05522,37298424,189145636,1,0,0,0,0,0,0
WY,2018-19,1301000,1301029,Natrona County School District #1,Woods Learning Center,5604510,5604510,51501301200000,560451000262,178.0,KG-08,3.0,178,Count,14385,751,15135,11700,202,11901,2685,549,3233,2560530,133678,2694030,15481.05522,37298424,189145636,1,0,0,0,0,0,0
WY,2018-19,1401000,1401003,Niobrara County School District #1,Lance Creek Elementary,5604230,5604230,51501400100000,560423000218,3.0,KG-06,2.0,3,Count,45390,18718,64108,42312,18564,60875,3078,154,3233,136170,56154,192324,64273.7021,1140035,11722877,1,0,0,0,0,0,0
WY,2018-19,1401000,1401004,Niobrara County School District #1,Lusk Elementary,5604230,5604230,51501400100000,560423000219,284.0,KG-05,2.0,284,Count,13578,460,14039,10500,306,10806,3078,154,3233,3856152,130640,3987076,14204.7021,1140035,11722877,1,0,0,0,0,0,0
WY,2018-19,1401000,1401050,Niobrara County School District #1,Lusk Middle School,5604230,5604230,51501400100000,560423000215,191.0,06-08,3.0,191,Count,11667,406,12074,8589,252,8841,3078,154,3233,2228397,77546,2306134,12239.7021,1140035,11722877,1,0,0,0,0,0,0
WY,2018-19,1401000,1401055,Niobrara County School District #1,Niobrara County High School,5604230,5604230,51501400100000,560423000214,331.0,09-12,4.0,331,Count,15664,158,15823,12586,4,12590,3078,154,3233,5184784,52298,5237413,15988.7021,1140035,11722877,1,0,0,0,0,0,0
WY,2018-19,1501000,1501001,Park County School District #1,Clark Elementary,5605160,5605160,51501500100000,560516000280,9.0,KG-05,2.0,9,Count,22852,1338,24189,20197,1086,21282,2655,252,2907,205668,12042,217701,24730.56439,2858617,28514977,1,0,0,0,0,0,0
WY,2018-19,1501000,1501002,Park County School District #1,Parkside Elementary,5605160,5605160,51501500100000,560516000281,202.0,KG-05,2.0,202,Count,16975,869,17844,14320,617,14937,2655,252,2907,3428950,175538,3604488,18385.56439,2858617,28514977,1,0,0,0,0,0,0
WY,2018-19,1501000,1501055,Park County School District #1,Powell High School,5605160,5605160,51501500100000,560516000278,548.0,09-12,4.0,548,Count,14778,408,15186,12123,156,12279,2655,252,2907,8098344,223584,8321928,15727.56439,2858617,28514977,1,0,0,0,0,0,0
WY,2018-19,1501000,1501050,Park County School District #1,Powell Middle School,5605160,5605160,51501500100000,560516000279,459.0,06-08,3.0,459,Count,13992,518,14510,11337,266,11603,2655,252,2907,6422328,237762,6660090,15051.56439,2858617,28514977,1,0,0,0,0,0,0
WY,2018-19,1501000,1501056,Park County School District #1,Shoshone Learning Center,5605160,5605160,51501500100000,560516000196,21.0,09-12,4.0,21,Count,21337,1073,22410,18682,821,19503,2655,252,2907,448077,22533,470610,22951.56439,2858617,28514977,1,0,0,0,0,0,0
WY,2018-19,1501000,1501003,Park County School District #1,Southside Elementary,5605160,5605160,51501500100000,560516000282,304.0,KG-05,2.0,304,Count,14923,844,15768,12268,592,12861,2655,252,2907,4536592,256576,4793472,16309.56439,2858617,28514977,1,0,0,0,0,0,0
WY,2018-19,1501000,1501004,Park County School District #1,Westside Elementary,5605160,5605160,51501500100000,560516000283,305.0,KG-05,2.0,305,Count,13298,1283,14580,10643,1031,11673,2655,252,2907,4055890,391315,4446900,15121.56439,2858617,28514977,1,0,0,0,0,0,0
WY,2018-19,1516000,1516049,Park County School District #16,Meeteetse School,5604380,5604380,51501500600000,560438000139,116.0,PK-12,4.0,116,Count,27087,743,27830,13460,0,13460,13627,743,14370,3142092,86188,3228280,28232.75862,630308,3228309,1,0,0,0,0,0,0
WY,2018-19,1506000,1506055,Park County School District #6,Cody High School,5602070,5602070,51501500300000,560207000121,566.0,09-12,4.0,566,Count,16662,351,17013,11310,80,11391,5352,271,5623,9430692,198666,9629358,17365.5276,4907150,31249263,1,0,0,0,0,0,0
WY,2018-19,1506000,1506050,Park County School District #6,Cody Middle School,5602070,5602070,51501500300000,560207000351,477.0,06-08,3.0,477,Count,14022,271,14293,8670,0,8670,5352,271,5623,6688494,129267,6817761,14645.5276,4907150,31249263,1,0,0,0,0,0,0
WY,2018-19,1506000,1506001,Park County School District #6,Eastside Elementary,5602070,5602070,51501500300000,560207000122,290.0,KG-05,2.0,290,Count,14192,1829,16021,8840,1558,10398,5352,271,5623,4115680,530410,4646090,16373.5276,4907150,31249263,1,0,0,0,0,0,0
WY,2018-19,1506000,1506005,Park County School District #6,Glenn Livingston Elementary,5602070,5602070,51501500300000,560207000126,320.0,KG-05,2.0,320,Count,13779,271,14050,8427,0,8427,5352,271,5623,4409280,86720,4496000,14402.5276,4907150,31249263,1,0,0,0,0,0,0
WY,2018-19,1506000,1506056,Park County School District #6,Heart Mountain Academy,5602070,5602070,51501500300000,560207000560,28.0,09-12,4.0,28,Count,18645,271,18916,13293,0,13293,5352,271,5623,522060,7588,529648,19268.5276,4907150,31249263,1,0,0,0,0,0,0
WY,2018-19,1506000,1506002,Park County School District #6,Sunset Elementary,5602070,5602070,51501500300000,560207000521,304.0,KG-05,2.0,304,Count,14145,1025,15169,8793,754,9547,5352,271,5623,4300080,311600,4611376,15521.5276,4907150,31249263,1,0,0,0,0,0,0
WY,2018-19,1506000,1506003,Park County School District #6,Valley Elementary,5602070,5602070,51501500300000,560207000430,6.0,KG-05,2.0,6,Count,24179,271,24449,18827,0,18827,5352,271,5623,145074,1626,146694,24801.5276,4907150,31249263,1,0,0,0,0,0,0
WY,2018-19,1506000,1506004,Park County School District #6,Wapiti Elementary,5602070,5602070,51501500300000,560207000125,20.0,KG-05,2.0,20,Count,18336,271,18607,12984,0,12984,5352,271,5623,366720,5420,372140,18959.5276,4907150,31249263,1,0,0,0,0,0,0
WY,2018-19,1601000,1601001,Platte County School District #1,Chugwater Elementary,5605090,5605090,51501600500000,560509000271,25.0,KG-06,2.0,25,Count,15690,870,16560,11900,0,11900,3790,870,4660,392250,21750,414000,16981.99211,6462524,19168683,1,0,0,0,0,0,0
WY,2018-19,1601000,1601055,Platte County School District #1,Chugwater High School,5605090,5605090,51501600500000,560509000391,11.0,09-12,4.0,11,Count,115379,4295,119674,111589,3425,115014,3790,870,4660,1269169,47245,1316414,120095.9921,6462524,19168683,1,0,0,0,0,1,0
WY,2018-19,1601000,1601002,Platte County School District #1,Glendo Elementary,5605090,5605090,51501600500000,560509000272,29.0,KG-06,2.0,29,Count,12824,870,13694,9034,0,9034,3790,870,4660,371896,25230,397126,14115.99211,6462524,19168683,1,0,0,0,0,0,0
WY,2018-19,1601000,1601056,Platte County School District #1,Glendo High School,5605090,5605090,51501600500000,560509000392,12.0,09-12,4.0,12,Count,96874,2549,99424,93084,1679,94764,3790,870,4660,1162488,30588,1193088,99845.99211,6462524,19168683,1,0,0,0,0,1,0
WY,2018-19,1601000,1601003,Platte County School District #1,Libbey Elementary,5605090,5605090,51501600500000,560509000275,211.0,KG-02,2.0,211,Count,15582,1761,17343,11792,891,12683,3790,870,4660,3287802,371571,3659373,17764.99211,6462524,19168683,1,0,0,0,0,0,0
WY,2018-19,1601000,1601058,Platte County School District #1,Peak High School,5605090,5605090,51501600500000,560509000573,15.0,09-12,4.0,15,Count,21422,870,22291,17632,0,17632,3790,870,4660,321330,13050,334365,22712.99211,6462524,19168683,1,0,0,0,0,0,0
WY,2018-19,1601000,1601005,Platte County School District #1,West Elementary,5605090,5605090,51501600500000,560509000277,194.0,03-05,2.0,194,Count,14999,1901,16900,11209,1031,12240,3790,870,4660,2909806,368794,3278600,17321.99211,6462524,19168683,1,0,0,0,0,0,0
WY,2018-19,1601000,1601057,Platte County School District #1,Wheatland High School,5605090,5605090,51501600500000,560509000273,268.0,09-12,4.0,268,Count,16622,870,17492,12832,0,12832,3790,870,4660,4454696,233160,4687856,17913.99211,6462524,19168683,1,0,0,0,0,0,0
WY,2018-19,1601000,1601050,Platte County School District #1,Wheatland Middle School,5605090,5605090,51501600500000,560509000274,233.0,06-08,3.0,233,Count,15496,870,16366,11706,0,11706,3790,870,4660,3610568,202710,3813278,16787.99211,6462524,19168683,1,0,0,0,0,0,0
WY,2018-19,1602000,1602001,Platte County School District #2,Guernsey-Sunrise Elementary,5603180,5603180,51501670100000,560318000179,151.0,KG-06,2.0,151,Count,18584,2517,21102,12916,2397,15314,5668,120,5788,2806184,380067,3186402,21473.98824,644262,5834077,1,0,0,0,0,0,0
WY,2018-19,1602000,1602055,Platte County School District #2,Guernsey-Sunrise High School,5603180,5603180,51501670100000,560318000379,69.0,09-12,4.0,69,Count,27169,910,28079,21501,790,22291,5668,120,5788,1874661,62790,1937451,28450.98824,644262,5834077,1,0,0,0,0,0,0
WY,2018-19,1602000,1602050,Platte County School District #2,Guernsey-Sunrise Junior High,5603180,5603180,51501670100000,560318000499,35.0,07-08,3.0,35,Count,19159,1135,20294,13491,1015,14506,5668,120,5788,670565,39725,710290,20665.98824,644262,5834077,1,0,0,0,0,0,0
WY,2018-19,1701000,1701001,Sheridan County School District #1,Big Horn Elementary,5605690,5605690,51501701700000,560569000395,233.0,KG-05,2.0,233,Count,11524,248,11772,7266,8,7274,4258,240,4498,2685092,57784,2742876,12151.86935,2799664,14887389,1,0,0,0,0,0,0
WY,2018-19,1701000,1701055,Sheridan County School District #1,Big Horn High School,5605690,5605690,51501701700000,560569000311,133.0,09-12,4.0,133,Count,17742,240,17982,13484,0,13484,4258,240,4498,2359686,31920,2391606,18361.86935,2799664,14887389,1,0,0,0,0,0,0
WY,2018-19,1701000,1701050,Sheridan County School District #1,Big Horn Middle School,5605690,5605690,51501701700000,560569000446,97.0,06-08,3.0,97,Count,14819,240,15060,10561,0,10561,4258,240,4498,1437443,23280,1460820,15439.86935,2799664,14887389,1,0,0,0,0,0,0
WY,2018-19,1701000,1701002,Sheridan County School District #1,Slack Elementary,5605690,5605690,51501701700000,560569000472,18.0,KG-05,2.0,18,Count,9204,240,9444,4946,0,4946,4258,240,4498,165672,4320,169992,9823.869352,2799664,14887389,1,0,0,0,0,0,0
WY,2018-19,1701000,1701048,Sheridan County School District #1,The Bridge School,5605690,5605690,51501701700000,560569000554,1.0,06-12,4.0,1,Count,352905,240,353146,348647,0,348647,4258,240,4498,352905,240,353146,353525.8694,2799664,14887389,1,0,0,0,0,1,0
WY,2018-19,1701000,1701003,Sheridan County School District #1,Tongue River Elementary,5605690,5605690,51501701700000,560569000314,233.0,KG-05,2.0,233,Count,12691,1026,13718,8433,786,9219,4258,240,4498,2957003,239058,3196294,14097.86935,2799664,14887389,1,0,0,0,0,0,0
WY,2018-19,1701000,1701056,Sheridan County School District #1,Tongue River High School,5605690,5605690,51501701700000,560569000312,149.0,09-12,4.0,149,Count,16482,275,16757,12224,35,12259,4258,240,4498,2455818,40975,2496793,17136.86935,2799664,14887389,1,0,0,0,0,0,0
WY,2018-19,1701000,1701051,Sheridan County School District #1,Tongue River Middle School,5605690,5605690,51501701700000,560569000447,154.0,06-08,3.0,154,Count,13239,240,13479,8981,0,8981,4258,240,4498,2038806,36960,2075766,13858.86935,2799664,14887389,1,0,0,0,0,0,0
WY,2018-19,1702000,1702002,Sheridan County School District #2,Henry A. Coffeen Elementary,5605695,5605695,51501700600000,560569500316,370.0,KG-05,2.0,370,Count,11662,1371,13033,9273,973,10245,2389,398,2787,4314940,507270,4822210,13429.85759,9546548,49537640,1,0,0,0,0,0,0
WY,2018-19,1702000,1702003,Sheridan County School District #2,Highland Park Elementary,5605695,5605695,51501700600000,560569500317,320.0,KG-05,2.0,320,Count,12706,512,13218,10317,114,10431,2389,398,2787,4065920,163840,4229760,13614.85759,9546548,49537640,1,0,0,0,0,0,0
WY,2018-19,1702000,1702056,Sheridan County School District #2,John C. Schiffer Collaborative School,5605695,5605695,51501700600000,560569500189,55.0,09-12,4.0,55,Count,21312,1370,22682,18923,972,19895,2389,398,2787,1172160,75350,1247510,23078.85759,9546548,49537640,1,0,0,0,0,0,0
WY,2018-19,1702000,1702009,Sheridan County School District #2,Meadowlark Elementary,5605695,5605695,51501700600000,560569500397,331.0,KG-05,2.0,331,Count,12557,585,13142,10168,187,10355,2389,398,2787,4156367,193635,4350002,13538.85759,9546548,49537640,1,0,0,0,0,0,0
WY,2018-19,1702000,1702010,Sheridan County School District #2,Sagebrush Elementary,5605695,5605695,51501700600000,560569500474,307.0,KG-05,2.0,307,Count,13174,1330,14504,10785,932,11717,2389,398,2787,4044418,408310,4452728,14900.85759,9546548,49537640,1,0,0,0,0,0,0
WY,2018-19,1702000,1702057,Sheridan County School District #2,Sheridan High School,5605695,5605695,51501700600000,560569500360,956.0,09-12,4.0,956,Count,14522,602,15124,12133,204,12337,2389,398,2787,13883032,575512,14458544,15520.85759,9546548,49537640,1,0,0,0,0,0,0
WY,2018-19,1702000,1702050,Sheridan County School District #2,Sheridan Junior High School,5605695,5605695,51501700600000,560569500361,832.0,06-08,3.0,832,Count,11829,690,12519,9440,292,9731,2389,398,2787,9841728,574080,10415808,12915.85759,9546548,49537640,1,0,0,0,0,0,0
WY,2018-19,1702000,1702005,Sheridan County School District #2,Story Elementary,5605695,5605695,51501700600000,560569500320,28.0,KG-05,2.0,28,Count,18894,433,19327,16505,35,16540,2389,398,2787,529032,12124,541156,19723.85759,9546548,49537640,1,0,0,0,0,0,0
WY,2018-19,1702000,1702052,Sheridan County School District #2,The Wright Place,5605695,5605695,51501700600000,560569500140,17.0,06-08,3.0,17,Count,18151,1994,20145,15762,1596,17358,2389,398,2787,308567,33898,342465,20541.85759,9546548,49537640,1,0,0,0,0,0,0
WY,2018-19,1702000,1702007,Sheridan County School District #2,Woodland Park Elementary,5605695,5605695,51501700600000,560569500322,316.0,KG-05,2.0,316,Count,13744,1057,14801,11355,659,12014,2389,398,2787,4343104,334012,4677116,15197.85759,9546548,49537640,1,0,0,0,0,0,0
WY,2018-19,1703000,1703001,Sheridan County School District #3,Arvada Elementary,5605680,5605680,51501701500000,560568000309,6.0,KG-06,2.0,6,Count,41202,2,41204,28224,0,28224,12978,2,12980,247212,12,247224,41731.62366,557229,3401904,1,0,0,0,0,0,0
WY,2018-19,1703000,1703049,Sheridan County School District #3,Clearmont K-12 School,5605680,5605680,51501701500000,560568000569,87.0,KG-12,4.0,87,Count,36156,105,36261,23178,103,23281,12978,2,12980,3145572,9135,3154707,36788.62366,557229,3401904,1,0,0,0,0,0,0
WY,2018-19,1801000,1801001,Sublette County School District #1,Bondurant Elementary,5604860,5604860,51501800100000,560486000269,9.0,KG-03,2.0,9,Count,18652,289,18942,14529,0,14529,4123,289,4412,167868,2601,170478,19709.43139,10509434,17733233,1,0,0,0,0,0,0
WY,2018-19,1801000,1801002,Sublette County School District #1,Pinedale Elementary,5604860,5604860,51501800100000,560486000270,511.0,KG-05,2.0,511,Count,14661,718,15379,10538,429,10966,4123,289,4412,7491771,366898,7858669,16146.43139,10509434,17733233,1,0,0,0,0,0,0
WY,2018-19,1801000,1801055,Sublette County School District #1,Pinedale High School,5604860,5604860,51501800100000,560486000267,305.0,09-12,4.0,305,Count,16427,390,16817,12304,101,12405,4123,289,4412,5010235,118950,5129185,17584.43139,10509434,17733233,1,0,0,0,0,0,0
WY,2018-19,1801000,1801050,Sublette County School District #1,Pinedale Middle School,5604860,5604860,51501800100000,560486000268,268.0,06-08,3.0,268,Count,15665,289,15954,11542,0,11542,4123,289,4412,4198220,77452,4275672,16721.43139,10509434,17733233,1,0,0,0,0,0,0
WY,2018-19,1801000,1801056,Sublette County School District #1,Skyline High School,5604860,5604860,51501800100000,560486000559,22.0,09-12,4.0,22,Count,13309,295,13605,9186,6,9192,4123,289,4412,292798,6490,299310,14372.43139,10509434,17733233,1,0,0,0,0,0,0
WY,2018-19,1809000,1809001,Sublette County School District #9,Big Piney Elementary,5601260,5601260,51501800600000,560126000043,173.0,KG-05,2.0,173,Count,17388,1546,18934,11825,1520,13345,5563,26,5589,3008124,267458,3275582,19445.82012,5102348,9977470,1,0,0,0,0,0,0
WY,2018-19,1809000,1809055,Sublette County School District #9,Big Piney High School,5601260,5601260,51501800600000,560126000041,170.0,09-12,4.0,170,Count,19869,317,20185,14306,291,14596,5563,26,5589,3377730,53890,3431450,20696.82012,5102348,9977470,1,0,0,0,0,0,0
WY,2018-19,1809000,1809050,Sublette County School District #9,Big Piney Middle School,5601260,5601260,51501800600000,560126000042,117.0,06-08,3.0,117,Count,17419,587,18006,11856,561,12417,5563,26,5589,2038023,68679,2106702,18517.82012,5102348,9977470,1,0,0,0,0,0,0
WY,2018-19,1809000,1809002,Sublette County School District #9,La Barge Elementary,5601260,5601260,51501800600000,560126000044,57.0,KG-05,2.0,57,Count,20050,365,20415,14487,339,14826,5563,26,5589,1142850,20805,1163655,20926.82012,5102348,9977470,1,0,0,0,0,0,0
WY,2018-19,1901000,1901057,Sweetwater County School District #1,Black Butte High School,5605302,5605302,51501900400000,560530200359,96.0,09-12,4.0,96,Count,18574,769,19343,14356,0,14356,4218,769,4987,1783104,73824,1856928,19660.09029,20122715,75986040,1,0,0,0,0,0,0
WY,2018-19,1901000,1901001,Sweetwater County School District #1,Desert Elementary,5605302,5605302,51501900400000,560530200297,25.0,KG-06,2.0,25,Count,38747,2398,41145,34529,1629,36158,4218,769,4987,968675,59950,1028625,41462.09029,20122715,75986040,1,0,0,0,0,0,0
WY,2018-19,1901000,1901053,Sweetwater County School District #1,Desert Middle School,5605302,5605302,51501900400000,560530200523,3.0,07-08,3.0,3,Count,59033,769,59801,54815,0,54815,4218,769,4987,177099,2307,179403,60118.09029,20122715,75986040,1,0,0,0,0,0,0
WY,2018-19,1901000,1901002,Sweetwater County School District #1,Desert View Elementary,5605302,5605302,51501900400000,560530200298,273.0,KG-04,2.0,273,Count,13091,1742,14832,8873,973,9845,4218,769,4987,3573843,475566,4049136,15149.09029,20122715,75986040,1,0,0,0,0,0,0
WY,2018-19,1901000,1901004,Sweetwater County School District #1,Eastside Elementary,5605302,5605302,51501900400000,560530200419,428.0,05-06,2.0,428,Count,11191,973,12163,6973,204,7177,4218,769,4987,4789748,416444,5205764,12480.09029,20122715,75986040,1,0,0,0,0,0,0
WY,2018-19,1901000,1901003,Sweetwater County School District #1,Farson-Eden Elementary,5605302,5605302,51501900400000,560530200489,60.0,KG-05,2.0,60,Count,22877,1544,24422,18659,775,19435,4218,769,4987,1372620,92640,1465320,24739.09029,20122715,75986040,1,0,0,0,0,0,0
WY,2018-19,1901000,1901055,Sweetwater County School District #1,Farson-Eden High School,5605302,5605302,51501900400000,560530200293,62.0,09-12,4.0,62,Count,22316,814,23130,18098,45,18143,4218,769,4987,1383592,50468,1434060,23447.09029,20122715,75986040,1,0,0,0,0,0,0
WY,2018-19,1901000,1901054,Sweetwater County School District #1,Farson-Eden Middle School,5605302,5605302,51501900400000,560530200524,41.0,06-08,3.0,41,Count,21011,769,21780,16793,0,16793,4218,769,4987,861451,31529,892980,22097.09029,20122715,75986040,1,0,0,0,0,0,0
WY,2018-19,1901000,1901013,Sweetwater County School District #1,Northpark Elementary,5605302,5605302,51501900400000,560530200421,282.0,KG-04,2.0,282,Count,13290,1403,14693,9072,634,9706,4218,769,4987,3747780,395646,4143426,15010.09029,20122715,75986040,1,0,0,0,0,0,0
WY,2018-19,1901000,1901006,Sweetwater County School District #1,Overland Elementary,5605302,5605302,51501900400000,560530200301,243.0,KG-04,2.0,243,Count,13680,1645,15325,9462,876,10338,4218,769,4987,3324240,399735,3723975,15642.09029,20122715,75986040,1,0,0,0,0,0,0
WY,2018-19,1901000,1901015,Sweetwater County School District #1,Pilot Butte Elementary,5605302,5605302,51501900400000,560530200296,437.0,05-06,2.0,437,Count,11217,1005,12221,6999,236,7234,4218,769,4987,4901829,439185,5340577,12538.09029,20122715,75986040,1,0,0,0,0,0,0
WY,2018-19,1901000,1901056,Sweetwater County School District #1,Rock Springs High School,5605302,5605302,51501900400000,560530200294,1362.0,09-12,4.0,1362,Count,12531,790,13321,8313,21,8334,4218,769,4987,17067222,1075980,18143202,13638.09029,20122715,75986040,1,0,0,0,0,0,0
WY,2018-19,1901000,1901050,Sweetwater County School District #1,Rock Springs Junior High,5605302,5605302,51501900400000,560530200295,874.0,07-08,3.0,874,Count,11879,917,12795,7661,148,7808,4218,769,4987,10382246,801458,11182830,13112.09029,20122715,75986040,1,0,0,0,0,0,0
WY,2018-19,1901000,1901016,Sweetwater County School District #1,Sage Elementary,5605302,5605302,51501900400000,560530200427,301.0,KG-04,2.0,301,Count,12658,770,13427,8440,1,8440,4218,769,4987,3810058,231770,4041527,13744.09029,20122715,75986040,1,0,0,0,0,0,0
WY,2018-19,1901000,1901018,Sweetwater County School District #1,Stagecoach Elementary,5605302,5605302,51501900400000,560530200565,307.0,KG-04,2.0,307,Count,12726,1483,14209,8508,714,9222,4218,769,4987,3906882,455281,4362163,14526.09029,20122715,75986040,1,0,0,0,0,0,0
WY,2018-19,1901000,1901010,Sweetwater County School District #1,Walnut Elementary,5605302,5605302,51501900400000,560530200305,311.0,KG-04,2.0,311,Count,11891,1443,13334,7673,674,8348,4218,769,4987,3698101,448773,4146874,13651.09029,20122715,75986040,1,0,0,0,0,0,0
WY,2018-19,1901000,1901014,Sweetwater County School District #1,Westridge Elementary,5605302,5605302,51501900400000,560530200422,333.0,KG-04,2.0,333,Count,12724,1658,14381,8506,889,9394,4218,769,4987,4237092,552114,4788873,14698.09029,20122715,75986040,1,0,0,0,0,0,0
WY,2018-19,1902000,1902056,Sweetwater County School District #2,Expedition Academy,5605762,5605762,51501900200000,560576200164,44.0,09-12,4.0,44,Count,25844,684,26528,21897,474,22371,3947,210,4157,1137136,30096,1167232,26913.55464,7932812,40720147,1,0,0,0,0,0,0
WY,2018-19,1902000,1902001,Sweetwater County School District #2,Granger Elementary,5605762,5605762,51501900200000,560576200326,3.0,KG-05,2.0,3,Count,58650,375,59025,54703,165,54868,3947,210,4157,175950,1125,177075,59410.55464,7932812,40720147,1,0,0,0,0,1,0
WY,2018-19,1902000,1902055,Sweetwater County School District #2,Green River High School,5605762,5605762,51501900200000,560576200324,750.0,09-12,4.0,750,Count,15403,365,15767,11456,155,11610,3947,210,4157,11552250,273750,11825250,16152.55464,7932812,40720147,1,0,0,0,0,0,0
WY,2018-19,1902000,1902002,Sweetwater County School District #2,Harrison Elementary,5605762,5605762,51501900200000,560576200439,265.0,KG-05,2.0,265,Count,15211,1116,16327,11264,906,12170,3947,210,4157,4030915,295740,4326655,16712.55464,7932812,40720147,1,0,0,0,0,0,0
WY,2018-19,1902000,1902050,Sweetwater County School District #2,Lincoln Middle School,5605762,5605762,51501900200000,560576200399,597.0,06-08,3.0,597,Count,14506,364,14870,10559,154,10713,3947,210,4157,8660082,217308,8877390,15255.55464,7932812,40720147,1,0,0,0,0,0,0
WY,2018-19,1902000,1902004,Sweetwater County School District #2,McKinnon Elementary,5605762,5605762,51501900200000,560576200329,19.0,KG-05,2.0,19,Count,17604,1971,19575,13657,1761,15418,3947,210,4157,334476,37449,371925,19960.55464,7932812,40720147,1,0,0,0,0,0,0
WY,2018-19,1902000,1902013,Sweetwater County School District #2,Monroe Elementary School,5605762,5605762,51501900200000,560576200582,330.0,KG-05,2.0,330,Count,15807,249,16056,11860,39,11899,3947,210,4157,5216310,82170,5298480,16441.55464,7932812,40720147,1,0,0,0,0,0,0
WY,2018-19,1902000,1902006,Sweetwater County School District #2,Thoman Ranch Elementary,5605762,5605762,51501900200000,560576200528,2.0,KG-08,3.0,2,Count,68780,210,68990,64833,0,64833,3947,210,4157,137560,420,137980,69375.55464,7932812,40720147,1,0,0,0,0,1,0
WY,2018-19,1902000,1902011,Sweetwater County School District #2,Truman Elementary,5605762,5605762,51501900200000,560576200425,336.0,KG-05,2.0,336,Count,13226,1647,14873,9279,1437,10715,3947,210,4157,4443936,553392,4997328,15258.55464,7932812,40720147,1,0,0,0,0,0,0
WY,2018-19,1902000,1902007,Sweetwater County School District #2,Washington Elementary,5605762,5605762,51501900200000,560576200332,198.0,KG-05,2.0,198,Count,16478,1404,17883,12531,1194,13726,3947,210,4157,3262644,277992,3540834,18268.55464,7932812,40720147,1,0,0,0,0,0,0
WY,2018-19,2001000,2001001,Teton County School District #1,Alta Elementary,5605830,5605830,51502000200000,560583000337,49.0,KG-05,2.0,49,Count,23432,342,23773,19570,0,19570,3862,342,4204,1148168,16758,1164877,24297.25547,15360192,51777290,1,0,0,0,0,0,0
WY,2018-19,2001000,2001009,Teton County School District #1,Colter Elementary,5605830,5605830,51502000200000,560583000289,352.0,KG-05,2.0,352,Count,20696,738,21434,16834,396,17230,3862,342,4204,7284992,259776,7544768,21958.25547,15360192,51777290,1,0,0,0,0,0,0
WY,2018-19,2001000,2001010,Teton County School District #1,Jackson Elementary,5605830,5605830,51502000200000,560583000313,250.0,KG-05,2.0,250,Count,25417,692,26109,21555,350,21905,3862,342,4204,6354250,173000,6527250,26633.25547,15360192,51777290,1,0,0,0,0,0,0
WY,2018-19,2001000,2001055,Teton County School District #1,Jackson Hole High School,5605830,5605830,51502000200000,560583000335,720.0,09-12,4.0,720,Count,17453,429,17882,13591,87,13678,3862,342,4204,12566160,308880,12875040,18406.25547,15360192,51777290,1,0,0,0,0,0,0
WY,2018-19,2001000,2001050,Teton County School District #1,Jackson Hole Middle School,5605830,5605830,51502000200000,560583000336,710.0,06-08,3.0,710,Count,15301,342,15642,11439,0,11439,3862,342,4204,10863710,242820,11105820,16166.25547,15360192,51777290,1,0,0,0,0,0,0
WY,2018-19,2001000,2001003,Teton County School District #1,Kelly Elementary,5605830,5605830,51502000200000,560583000339,51.0,KG-05,2.0,51,Count,17273,342,17615,13411,0,13411,3862,342,4204,880923,17442,898365,18139.25547,15360192,51777290,1,0,0,0,0,0,0
WY,2018-19,2001000,2001004,Teton County School District #1,Moran Elementary,5605830,5605830,51502000200000,560583000340,17.0,KG-05,2.0,17,Count,29036,342,29377,25174,0,25174,3862,342,4204,493612,5814,499409,29901.25547,15360192,51777290,1,0,0,0,0,0,0
WY,2018-19,2001000,2001011,Teton County School District #1,Munger Mountain Elementary School,5605830,5605830,51502000200000,560583000583,471.0,KG-05,2.0,471,Count,12425,638,13063,8563,296,8859,3862,342,4204,5852175,300498,6152673,13587.25547,15360192,51777290,1,0,0,0,0,0,0
WY,2018-19,2001000,2001056,Teton County School District #1,Summit Innovations School,5605830,5605830,51502000200000,560583000512,49.0,09-12,4.0,49,Count,25373,342,25714,21511,0,21511,3862,342,4204,1243277,16758,1259986,26238.25547,15360192,51777290,1,0,0,0,0,0,0
WY,2018-19,2001000,2001005,Teton County School District #1,Wilson Elementary,5605830,5605830,51502000200000,560583000341,212.0,KG-05,2.0,212,Count,17344,342,17686,13482,0,13482,3862,342,4204,3676928,72504,3749432,18210.25547,15360192,51777290,1,0,0,0,0,0,0
WY,2018-19,2101000,2101006,Uinta County School District #1,Aspen Elementary,5602760,5602760,51502100100000,560276000462,296.0,KG-05,2.0,296,Count,13078,1220,14298,9910,815,10725,3168,405,3573,3871088,361120,4232208,14789.83223,5083907,40928388,1,0,0,0,0,0,0
WY,2018-19,2101000,2101002,Uinta County School District #1,Clark Elementary,5602760,5602760,51502100100000,560276000155,223.0,KG-05,2.0,223,Count,13584,1205,14789,10416,800,11216,3168,405,3573,3029232,268715,3297947,15280.83223,5083907,40928388,1,0,0,0,0,0,0
WY,2018-19,2101000,2101050,Uinta County School District #1,Davis Middle School,5602760,5602760,51502100100000,560276000153,310.0,06-08,3.0,310,Count,16394,478,16872,13226,73,13299,3168,405,3573,5082140,148180,5230320,17363.83223,5083907,40928388,1,0,0,0,0,0,0
WY,2018-19,2101000,2101055,Uinta County School District #1,Evanston High School,5602760,5602760,51502100100000,560276000152,748.0,09-12,4.0,748,Count,13567,565,14132,10399,160,10559,3168,405,3573,10148116,422620,10570736,14623.83223,5083907,40928388,1,0,0,0,0,0,0
WY,2018-19,2101000,2101051,Uinta County School District #1,Evanston Middle School,5602760,5602760,51502100100000,560276000463,329.0,06-08,3.0,329,Count,14894,580,15475,11726,175,11902,3168,405,3573,4900126,190820,5091275,15966.83223,5083907,40928388,1,0,0,0,0,0,0
WY,2018-19,2101000,2101056,Uinta County School District #1,Horizon Alternative School,5602760,5602760,51502100100000,560276000376,45.0,07-12,4.0,45,Count,25944,427,26371,22776,22,22798,3168,405,3573,1167480,19215,1186695,26862.83223,5083907,40928388,1,0,0,0,0,0,0
WY,2018-19,2101000,2101005,Uinta County School District #1,North Evanston Elementary,5602760,5602760,51502100100000,560276000433,304.0,KG-05,2.0,304,Count,15164,1259,16423,11996,854,12850,3168,405,3573,4609856,382736,4992592,16914.83223,5083907,40928388,1,0,0,0,0,0,0
WY,2018-19,2101000,2101004,Uinta County School District #1,Uinta Meadows Elementary,5602760,5602760,51502100100000,560276000414,475.0,KG-05,2.0,475,Count,12093,1227,13319,8925,822,9746,3168,405,3573,5744175,582825,6326525,13810.83223,5083907,40928388,1,0,0,0,0,0,0
WY,2018-19,2104000,2104055,Uinta County School District #4,Mountain View High School,5604500,5604500,51502100200000,560450000227,260.0,09-12,4.0,260,Count,16706,350,17056,12406,53,12460,4300,297,4597,4343560,91000,4434560,17265.1919,1196913,12906343,1,0,0,0,0,0,0
WY,2018-19,2104000,2104020,Uinta County School District #4,Mountain View K-8,5604500,5604500,51502100200000,560450000558,579.0,KG-08,3.0,579,Count,14032,600,14632,9732,303,10035,4300,297,4597,8124528,347400,8471928,14841.1919,1196913,12906343,1,0,0,0,0,0,0
WY,2018-19,2106000,2106055,Uinta County School District #6,Lyman High School,5604260,5604260,51502100400000,560426000222,223.0,09-12,4.0,223,Count,20453,449,20902,15859,33,15892,4594,416,5010,4561019,100127,4661146,21178.83356,1694101,12332687,1,0,0,0,0,0,0
WY,2018-19,2106000,2106050,Uinta County School District #6,Lyman Intermediate School,5604260,5604260,51502100400000,560426000357,230.0,05-08,3.0,230,Count,15945,416,16362,11351,0,11351,4594,416,5010,3667350,95680,3763260,16638.83356,1694101,12332687,1,0,0,0,0,0,0
WY,2018-19,2106000,2106002,Uinta County School District #6,Urie Elementary,5604260,5604260,51502100400000,560426000418,274.0,KG-04,2.0,274,Count,13334,929,14264,8740,513,9253,4594,416,5010,3653516,254546,3908336,14540.83356,1694101,12332687,1,0,0,0,0,0,0
WY,2018-19,2201000,2201004,Washakie County School District #1,East Side Elementary,5606240,5606240,51502200400000,560624000579,189.0,KG-01,1.0,189,Count,15728,1556,17285,11729,924,12653,3999,632,4632,2972592,294084,3266865,17803.74764,4231234,21229979,1,0,0,0,0,0,0
WY,2018-19,2201000,2201005,Washakie County School District #1,South Side Elementary,5606240,5606240,51502200400000,560624000578,157.0,02-03,2.0,157,Count,17330,1530,18861,13331,898,14229,3999,632,4632,2720810,240210,2961177,19379.74764,4231234,21229979,1,0,0,0,0,0,0
WY,2018-19,2201000,2201006,Washakie County School District #1,West Side Elementary,5606240,5606240,51502200400000,560624000577,167.0,04-05,2.0,167,Count,15728,1655,17383,11729,1023,12752,3999,632,4632,2626576,276385,2902961,17901.74764,4231234,21229979,1,0,0,0,0,0,0
WY,2018-19,2201000,2201055,Washakie County School District #1,Worland High School,5606240,5606240,51502200400000,560624000343,426.0,09-12,4.0,426,Count,15891,725,16617,11892,93,11985,3999,632,4632,6769566,308850,7078842,17135.74764,4231234,21229979,1,0,0,0,0,0,0
WY,2018-19,2201000,2201050,Washakie County School District #1,Worland Middle School,5606240,5606240,51502200400000,560624000344,333.0,06-08,3.0,333,Count,14342,734,15076,10343,102,10445,3999,632,4632,4775886,244422,5020308,15594.74764,4231234,21229979,1,0,0,0,0,0,0
WY,2018-19,2202000,2202049,Washakie County School District #2,Ten Sleep K-12,5605820,5605820,51502200300000,560582000393,108.0,PK-12,4.0,108,Count,28113,771,28885,15447,0,15447,12666,771,13437,3036204,83268,3119580,29351.85185,477208,3119556,1,0,0,0,0,0,0
WY,2018-19,2301000,2301001,Weston County School District #1,Newcastle Elementary 3-5,5604830,5604830,51502300100000,560483000265,178.0,03-05,2.0,178,Count,14583,1923,16505,7751,1335,9086,6832,588,7420,2595774,342294,2937890,16812.27399,1397449,13423769,1,0,0,0,0,0,0
WY,2018-19,2301000,2301003,Weston County School District #1,Newcastle Elementary K-2,5604830,5604830,51502300100000,560483000015,187.0,KG-02,2.0,187,Count,15203,1618,16820,8371,1030,9401,6832,588,7420,2842961,302566,3145340,17127.27399,1397449,13423769,1,0,0,0,0,0,0
WY,2018-19,2301000,2301055,Weston County School District #1,Newcastle High School,5604830,5604830,51502300100000,560483000263,242.0,09-12,4.0,242,Count,17214,828,18042,10382,240,10622,6832,588,7420,4165788,200376,4366164,18349.27399,1397449,13423769,1,0,0,0,0,0,0
WY,2018-19,2301000,2301050,Weston County School District #1,Newcastle Middle School,5604830,5604830,51502300100000,560483000264,185.0,06-08,3.0,185,Count,14872,1206,16077,8040,618,8658,6832,588,7420,2751320,223110,2974245,16384.27399,1397449,13423769,1,0,0,0,0,0,0
WY,2018-19,2307000,2307001,Weston County School District #7,Upton Elementary,5606090,5606090,51502300200000,560609000363,103.0,KG-05,2.0,103,Count,21298,466,21764,13745,279,14024,7553,187,7740,2193694,47998,2241692,22179.64126,958137,5822288,1,0,0,0,0,0,0
WY,2018-19,2307000,2307055,Weston County School District #7,Upton High School,5606090,5606090,51502300200000,560609000401,70.0,09-12,4.0,70,Count,35139,247,35386,27586,60,27646,7553,187,7740,2459730,17290,2477020,35801.64126,958137,5822288,1,0,0,0,0,0,0
WY,2018-19,2307000,2307050,Weston County School District #7,Upton Middle School,5606090,5606090,51502300200000,560609000342,50.0,06-08,3.0,50,Count,21885,187,22072,14332,0,14332,7553,187,7740,1094250,9350,1103600,22487.64126,958137,5822288,1,0,0,0,0,0,0
